Id,Month,Day,Date,WeekDay,TotalSteps,TotalDistance,TrackerDistance,LoggedActivitiesDistance,VeryActiveDistance,ModeratelyActiveDistance,LightActiveDistance,SedentaryActiveDistance,VeryActiveMinutes,FairlyActiveMinutes,LightlyActiveMinutes,SedentaryMinutes,TotalActiveMinutes,Calories
1503960366,4,12,2016-04-12,Tuesday,13162,8.5,8.5,0,1.88,0.55,6.06,0,25,13,328,728,366,1985
1503960366,4,13,2016-04-13,Wednesday,10735,6.97,6.97,0,1.57,0.69,4.71,0,21,19,217,776,257,1797
1503960366,4,14,2016-04-14,Thursday,10460,6.74,6.74,0,2.44,0.4,3.91,0,30,11,181,1218,222,1776
1503960366,4,15,2016-04-15,Friday,9762,6.28,6.28,0,2.14,1.26,2.83,0,29,34,209,726,272,1745
1503960366,4,16,2016-04-16,Saturday,12669,8.16,8.16,0,2.71,0.41,5.04,0,36,10,221,773,267,1863
1503960366,4,17,2016-04-17,Sunday,9705,6.48,6.48,0,3.19,0.78,2.51,0,38,20,164,539,222,1728
1503960366,4,18,2016-04-18,Monday,13019,8.59,8.59,0,3.25,0.64,4.71,0,42,16,233,1149,291,1921
1503960366,4,19,2016-04-19,Tuesday,15506,9.88,9.88,0,3.53,1.32,5.03,0,50,31,264,775,345,2035
1503960366,4,20,2016-04-20,Wednesday,10544,6.68,6.68,0,1.96,0.48,4.24,0,28,12,205,818,245,1786
1503960366,4,21,2016-04-21,Thursday,9819,6.34,6.34,0,1.34,0.35,4.65,0,19,8,211,838,238,1775
1503960366,4,22,2016-04-22,Friday,12764,8.13,8.13,0,4.76,1.12,2.24,0,66,27,130,1217,223,1827
1503960366,4,23,2016-04-23,Saturday,14371,9.04,9.04,0,2.81,0.87,5.36,0,41,21,262,732,324,1949
1503960366,4,24,2016-04-24,Sunday,10039,6.41,6.41,0,2.92,0.21,3.28,0,39,5,238,709,282,1788
1503960366,4,25,2016-04-25,Monday,15355,9.8,9.8,0,5.29,0.57,3.94,0,73,14,216,814,303,2013
1503960366,4,26,2016-04-26,Tuesday,13755,8.79,8.79,0,2.33,0.92,5.54,0,31,23,279,833,333,1970
1503960366,4,27,2016-04-27,Wednesday,18134,12.21,12.21,0,6.4,0.41,5.41,0,78,11,243,1108,332,2159
1503960366,4,28,2016-04-28,Thursday,13154,8.53,8.53,0,3.54,1.16,3.79,0,48,28,189,782,265,1898
1503960366,4,29,2016-04-29,Friday,11181,7.15,7.15,0,1.06,0.5,5.58,0,16,12,243,815,271,1837
1503960366,4,30,2016-04-30,Saturday,14673,9.25,9.25,0,3.56,1.42,4.27,0,52,34,217,712,303,1947
1503960366,5,1,2016-05-01,Sunday,10602,6.81,6.81,0,2.29,1.6,2.92,0,33,35,246,730,314,1820
1503960366,5,2,2016-05-02,Monday,14727,9.71,9.71,0,3.21,0.57,5.92,0,41,15,277,798,333,2004
1503960366,5,3,2016-05-03,Tuesday,15103,9.66,9.66,0,3.73,1.05,4.88,0,50,24,254,816,328,1990
1503960366,5,4,2016-05-04,Wednesday,11100,7.15,7.15,0,2.46,0.87,3.82,0,36,22,203,1179,261,1819
1503960366,5,5,2016-05-05,Thursday,14070,8.9,8.9,0,2.92,1.08,4.88,0,45,24,250,857,319,1959
1503960366,5,6,2016-05-06,Friday,12159,8.03,8.03,0,1.97,0.25,5.81,0,24,6,289,754,319,1896
1503960366,5,7,2016-05-07,Saturday,11992,7.71,7.71,0,2.46,2.12,3.13,0,37,46,175,833,258,1821
1503960366,5,8,2016-05-08,Sunday,10060,6.58,6.58,0,3.53,0.32,2.73,0,44,8,203,574,255,1740
1503960366,5,9,2016-05-09,Monday,12022,7.72,7.72,0,3.45,0.53,3.74,0,46,11,206,835,263,1819
1503960366,5,10,2016-05-10,Tuesday,12207,7.77,7.77,0,3.35,1.16,3.26,0,46,31,214,746,291,1859
1503960366,5,11,2016-05-11,Wednesday,12770,8.13,8.13,0,2.56,1.01,4.55,0,36,23,251,669,310,1783
1503960366,5,12,2016-05-12,Thursday,0,0,0,0,0,0,0,0,0,0,0,1440,0,0
1624580081,4,12,2016-04-12,Tuesday,8163,5.31,5.31,0,0,0,5.31,0,0,0,146,1294,146,1432
1624580081,4,13,2016-04-13,Wednesday,7007,4.55,4.55,0,0,0,4.55,0,0,0,148,1292,148,1411
1624580081,4,14,2016-04-14,Thursday,9107,5.92,5.92,0,0,0,5.91,0.01,0,0,236,1204,236,1572
1624580081,4,15,2016-04-15,Friday,1510,0.98,0.98,0,0,0,0.97,0,0,0,96,1344,96,1344
1624580081,4,16,2016-04-16,Saturday,5370,3.49,3.49,0,0,0,3.49,0,0,0,176,1264,176,1463
1624580081,4,17,2016-04-17,Sunday,6175,4.06,4.06,0,1.03,1.52,1.49,0.01,15,22,127,1276,164,1554
1624580081,4,18,2016-04-18,Monday,10536,7.41,7.41,0,2.15,0.62,4.62,0.01,17,7,202,1214,226,1604
1624580081,4,19,2016-04-19,Tuesday,2916,1.9,1.9,0,0,0,1.9,0,0,0,141,1299,141,1435
1624580081,4,20,2016-04-20,Wednesday,4974,3.23,3.23,0,0,0,3.23,0,0,0,151,1289,151,1446
1624580081,4,21,2016-04-21,Thursday,6349,4.13,4.13,0,0,0,4.11,0.02,0,0,186,1254,186,1467
1624580081,4,22,2016-04-22,Friday,4026,2.62,2.62,0,0,0,2.6,0,0,0,199,1241,199,1470
1624580081,4,23,2016-04-23,Saturday,8538,5.55,5.55,0,0,0,5.54,0.01,0,0,227,1213,227,1562
1624580081,4,24,2016-04-24,Sunday,6076,3.95,3.95,0,1.15,0.91,1.89,0,16,18,185,1221,219,1617
1624580081,4,25,2016-04-25,Monday,6497,4.22,4.22,0,0,0,4.2,0.02,0,0,202,1238,202,1492
1624580081,4,26,2016-04-26,Tuesday,2826,1.84,1.84,0,0,0,1.83,0.01,0,0,140,1300,140,1402
1624580081,4,27,2016-04-27,Wednesday,8367,5.44,5.44,0,1.11,1.87,2.46,0,17,36,154,1233,207,1670
1624580081,4,28,2016-04-28,Thursday,2759,1.79,1.79,0,0,0.2,1.6,0,0,5,115,1320,120,1401
1624580081,4,29,2016-04-29,Friday,2390,1.55,1.55,0,0,0,1.55,0,0,0,150,1290,150,1404
1624580081,4,30,2016-04-30,Saturday,6474,4.3,4.3,0,0.9,1.28,2.12,0.01,11,23,224,1182,258,1655
1624580081,5,1,2016-05-01,Sunday,36019,28.03,28.03,0,21.92,4.19,1.91,0.02,186,63,171,1020,420,2690
1624580081,5,2,2016-05-02,Monday,7155,4.93,4.93,0,0.86,0.59,3.47,0,7,6,166,1261,179,1497
1624580081,5,3,2016-05-03,Tuesday,2100,1.37,1.37,0,0,0,1.34,0.02,0,0,96,1344,96,1334
1624580081,5,4,2016-05-04,Wednesday,2193,1.43,1.43,0,0,0,1.42,0,0,0,118,1322,118,1368
1624580081,5,5,2016-05-05,Thursday,2470,1.61,1.61,0,0,0,1.58,0.02,0,0,117,1323,117,1370
1624580081,5,6,2016-05-06,Friday,1727,1.12,1.12,0,0,0,1.12,0.01,0,0,102,1338,102,1341
1624580081,5,7,2016-05-07,Saturday,2104,1.37,1.37,0,0,0,1.37,0,0,0,182,1258,182,1474
1624580081,5,8,2016-05-08,Sunday,3427,2.23,2.23,0,0,0,2.22,0,0,0,152,1288,152,1427
1624580081,5,9,2016-05-09,Monday,1732,1.13,1.13,0,0,0,1.13,0,0,0,91,1349,91,1328
1624580081,5,10,2016-05-10,Tuesday,2969,1.93,1.93,0,0,0,1.92,0.01,0,0,139,1301,139,1393
1624580081,5,11,2016-05-11,Wednesday,3134,2.04,2.04,0,0,0,2.04,0,0,0,112,1328,112,1359
1624580081,5,12,2016-05-12,Thursday,2971,1.93,1.93,0,0,0,1.92,0.01,0,0,107,890,107,1002
1644430081,4,12,2016-04-12,Tuesday,10694,7.77,7.77,0,0.14,2.3,5.33,0,2,51,256,1131,309,3199
1644430081,4,13,2016-04-13,Wednesday,8001,5.82,5.82,0,2.28,0.9,2.64,0,30,16,135,1259,181,2902
1644430081,4,14,2016-04-14,Thursday,11037,8.02,8.02,0,0.36,2.56,5.1,0,5,58,252,1125,315,3226
1644430081,4,15,2016-04-15,Friday,5263,3.83,3.83,0,0.22,0.15,3.45,0,3,4,170,1263,177,2750
1644430081,4,16,2016-04-16,Saturday,15300,11.12,11.12,0,4.1,1.88,5.09,0,51,42,212,1135,305,3493
1644430081,4,17,2016-04-17,Sunday,8757,6.37,6.37,0,2.25,0.57,3.55,0,29,13,186,1212,228,3011
1644430081,4,18,2016-04-18,Monday,7132,5.19,5.19,0,1.07,1.67,2.45,0,15,33,121,1271,169,2806
1644430081,4,19,2016-04-19,Tuesday,11256,8.18,8.18,0,0.36,2.53,5.3,0,5,58,278,1099,341,3300
1644430081,4,20,2016-04-20,Wednesday,2436,1.77,1.77,0,0,0,1.76,0.01,0,0,125,1315,125,2430
1644430081,4,21,2016-04-21,Thursday,1223,0.89,0.89,0,0,0,0.88,0.01,0,0,38,1402,38,2140
1644430081,4,22,2016-04-22,Friday,3673,2.67,2.67,0,0,0,2.66,0.01,0,0,86,1354,86,2344
1644430081,4,23,2016-04-23,Saturday,6637,4.83,4.83,0,0,0.58,4.25,0,0,15,160,1265,175,2677
1644430081,4,24,2016-04-24,Sunday,3321,2.41,2.41,0,0,0,2.41,0,0,0,89,1351,89,2413
1644430081,4,25,2016-04-25,Monday,3580,2.6,2.6,0,0.59,0.06,1.95,0,8,1,94,1337,103,2497
1644430081,4,26,2016-04-26,Tuesday,9919,7.21,7.21,0,0.8,1.72,4.69,0,11,41,223,1165,275,3123
1644430081,4,27,2016-04-27,Wednesday,3032,2.2,2.2,0,0,0,2.2,0,0,0,118,1322,118,2489
1644430081,4,28,2016-04-28,Thursday,9405,6.84,6.84,0,0.2,2.32,4.31,0,3,53,227,1157,283,3108
1644430081,4,29,2016-04-29,Friday,3176,2.31,2.31,0,0,0,2.31,0,0,0,120,1193,120,2498
1644430081,4,30,2016-04-30,Saturday,18213,13.24,13.24,0,0.63,3.14,9.46,0,9,71,402,816,482,3846
1644430081,5,1,2016-05-01,Sunday,6132,4.46,4.46,0,0.24,0.99,3.23,0,3,24,146,908,173,2696
1644430081,5,2,2016-05-02,Monday,3758,2.73,2.73,0,0.07,0.31,2.35,0,1,7,148,682,156,2580
1644430081,5,3,2016-05-03,Tuesday,12850,9.34,9.34,0,0.72,4.09,4.54,0,10,94,221,1115,325,3324
1644430081,5,4,2016-05-04,Wednesday,2309,1.68,1.68,0,0,0,1.66,0.02,0,0,52,1388,52,2222
1644430081,5,5,2016-05-05,Thursday,4363,3.19,3.19,0,0.52,0.54,2.13,0.01,6,12,81,1341,99,2463
1644430081,5,6,2016-05-06,Friday,9787,7.12,7.12,0,0.82,0.27,6.01,0.02,11,6,369,1054,386,3328
1644430081,5,7,2016-05-07,Saturday,13372,9.72,9.72,0,3.26,0.79,5.67,0.01,41,17,243,1139,301,3404
1644430081,5,8,2016-05-08,Sunday,6724,4.89,4.89,0,0,0,4.88,0,0,0,295,991,295,2987
1644430081,5,9,2016-05-09,Monday,6643,4.83,4.83,0,2.39,0.35,2.09,0.01,32,6,303,1099,341,3008
1644430081,5,10,2016-05-10,Tuesday,9167,6.66,6.66,0,0.88,0.81,4.97,0.01,12,19,155,1254,186,2799
1644430081,5,11,2016-05-11,Wednesday,1329,0.97,0.97,0,0,0,0.95,0.01,0,0,49,713,49,1276
1844505072,4,12,2016-04-12,Tuesday,6697,4.43,4.43,0,0,0,4.43,0,0,0,339,1101,339,2030
1844505072,4,13,2016-04-13,Wednesday,4929,3.26,3.26,0,0,0,3.26,0,0,0,248,1192,248,1860
1844505072,4,14,2016-04-14,Thursday,7937,5.25,5.25,0,0,0,5.23,0,0,0,373,843,373,2130
1844505072,4,15,2016-04-15,Friday,3844,2.54,2.54,0,0,0,2.54,0,0,0,176,527,176,1725
1844505072,4,16,2016-04-16,Saturday,3414,2.26,2.26,0,0,0,2.26,0,0,0,147,1293,147,1657
1844505072,4,17,2016-04-17,Sunday,4525,2.99,2.99,0,0.14,0.26,2.59,0,2,8,199,1231,209,1793
1844505072,4,18,2016-04-18,Monday,4597,3.04,3.04,0,0,0.48,2.56,0,0,12,217,1211,229,1814
1844505072,4,19,2016-04-19,Tuesday,197,0.13,0.13,0,0,0,0.13,0,0,0,10,1430,10,1366
1844505072,4,20,2016-04-20,Wednesday,8,0.01,0.01,0,0,0,0.01,0,0,0,1,1439,1,1349
1844505072,4,21,2016-04-21,Thursday,8054,5.32,5.32,0,0.12,0.52,4.68,0,2,13,308,1117,323,2062
1844505072,4,22,2016-04-22,Friday,5372,3.55,3.55,0,0,0,3.55,0,0,0,220,1220,220,1827
1844505072,4,23,2016-04-23,Saturday,3570,2.36,2.36,0,0,0,2.36,0,0,0,139,1301,139,1645
1844505072,4,24,2016-04-24,Sunday,0,0,0,0,0,0,0,0,0,0,0,1440,0,1347
1844505072,4,25,2016-04-25,Monday,0,0,0,0,0,0,0,0,0,0,0,1440,0,1347
1844505072,4,26,2016-04-26,Tuesday,0,0,0,0,0,0,0,0,0,0,0,1440,0,1347
1844505072,4,27,2016-04-27,Wednesday,4,0,0,0,0,0,0,0,0,0,1,1439,1,1348
1844505072,4,28,2016-04-28,Thursday,6907,4.57,4.57,0,0,0,4.56,0,0,0,302,1138,302,1992
1844505072,4,29,2016-04-29,Friday,4920,3.25,3.25,0,0,0,3.25,0,0,0,247,1082,247,1856
1844505072,4,30,2016-04-30,Saturday,4014,2.67,2.67,0,0,0,2.65,0,0,0,184,218,184,1763
1844505072,5,1,2016-05-01,Sunday,2573,1.7,1.7,0,0,0.26,1.45,0,0,7,75,585,82,1541
1844505072,5,2,2016-05-02,Monday,0,0,0,0,0,0,0,0,0,0,0,1440,0,1348
1844505072,5,3,2016-05-03,Tuesday,4059,2.68,2.68,0,0,0,2.68,0,0,0,184,1256,184,1742
1844505072,5,4,2016-05-04,Wednesday,2080,1.37,1.37,0,0,0,1.37,0,0,0,87,1353,87,1549
1844505072,5,5,2016-05-05,Thursday,2237,1.48,1.48,0,0,0,1.48,0,0,0,120,1320,120,1589
1844505072,5,6,2016-05-06,Friday,44,0.03,0.03,0,0,0,0.03,0,0,0,2,1438,2,1351
1844505072,5,7,2016-05-07,Saturday,0,0,0,0,0,0,0,0,0,0,0,1440,0,1347
1844505072,5,8,2016-05-08,Sunday,0,0,0,0,0,0,0,0,0,0,0,1440,0,1347
1844505072,5,9,2016-05-09,Monday,0,0,0,0,0,0,0,0,0,0,0,1440,0,1347
1844505072,5,10,2016-05-10,Tuesday,0,0,0,0,0,0,0,0,0,0,0,1440,0,1347
1844505072,5,11,2016-05-11,Wednesday,0,0,0,0,0,0,0,0,0,0,0,1440,0,1347
1844505072,5,12,2016-05-12,Thursday,0,0,0,0,0,0,0,0,0,0,0,711,0,665
1927972279,4,12,2016-04-12,Tuesday,678,0.47,0.47,0,0,0,0.47,0,0,0,55,734,55,2220
1927972279,4,13,2016-04-13,Wednesday,356,0.25,0.25,0,0,0,0.25,0,0,0,32,986,32,2151
1927972279,4,14,2016-04-14,Thursday,2163,1.5,1.5,0,0,0.4,1.1,0,0,9,88,1292,97,2383
1927972279,4,15,2016-04-15,Friday,980,0.68,0.68,0,0,0,0.68,0,0,0,51,941,51,2221
1927972279,4,16,2016-04-16,Saturday,0,0,0,0,0,0,0,0,0,0,0,1440,0,2064
1927972279,4,17,2016-04-17,Sunday,0,0,0,0,0,0,0,0,0,0,0,1440,0,2063
1927972279,4,18,2016-04-18,Monday,244,0.17,0.17,0,0,0,0.17,0,0,0,17,1423,17,2111
1927972279,4,19,2016-04-19,Tuesday,0,0,0,0,0,0,0,0,0,0,0,1440,0,2063
1927972279,4,20,2016-04-20,Wednesday,0,0,0,0,0,0,0,0,0,0,0,1440,0,2063
1927972279,4,21,2016-04-21,Thursday,0,0,0,0,0,0,0,0,0,0,0,1440,0,2064
1927972279,4,22,2016-04-22,Friday,149,0.1,0.1,0,0,0,0.1,0,0,0,10,1430,10,2093
1927972279,4,23,2016-04-23,Saturday,2945,2.04,2.04,0,0,0,2.04,0,0,0,145,1295,145,2499
1927972279,4,24,2016-04-24,Sunday,2090,1.45,1.45,0,0.07,0.24,1.14,0,1,6,75,1358,82,2324
1927972279,4,25,2016-04-25,Monday,152,0.11,0.11,0,0,0,0.11,0,0,0,12,1303,12,2100
1927972279,4,26,2016-04-26,Tuesday,3761,2.6,2.6,0,0,0,2.6,0,0,0,192,1058,192,2638
1927972279,4,27,2016-04-27,Wednesday,0,0,0,0,0,0,0,0,0,0,0,1440,0,2063
1927972279,4,28,2016-04-28,Thursday,1675,1.16,1.16,0,0,0,1.16,0,0,0,95,1167,95,2351
1927972279,4,29,2016-04-29,Friday,0,0,0,0,0,0,0,0,0,0,0,1440,0,2063
1927972279,4,30,2016-04-30,Saturday,0,0,0,0,0,0,0,0,0,0,0,1440,0,2064
1927972279,5,1,2016-05-01,Sunday,2704,1.87,1.87,0,1.01,0.03,0.83,0,14,1,70,1355,85,2411
1927972279,5,2,2016-05-02,Monday,3790,2.62,2.62,0,1.16,0.3,1.16,0,16,8,94,1322,118,2505
1927972279,5,3,2016-05-03,Tuesday,1326,0.92,0.92,0,0.73,0,0.18,0,10,0,17,1413,27,2195
1927972279,5,4,2016-05-04,Wednesday,1786,1.24,1.24,0,0,0,1.24,0,0,0,87,1353,87,2338
1927972279,5,5,2016-05-05,Thursday,0,0,0,0,0,0,0,0,0,0,0,1440,0,2063
1927972279,5,6,2016-05-06,Friday,2091,1.45,1.45,0,0,0,1.45,0,0,0,108,1332,108,2383
1927972279,5,7,2016-05-07,Saturday,1510,1.04,1.04,0,0,0,1.04,0,0,0,48,1392,48,2229
1927972279,5,8,2016-05-08,Sunday,0,0,0,0,0,0,0,0,0,0,0,1440,0,2063
1927972279,5,9,2016-05-09,Monday,0,0,0,0,0,0,0,0,0,0,0,1440,0,2063
1927972279,5,10,2016-05-10,Tuesday,0,0,0,0,0,0,0,0,0,0,0,1440,0,2063
1927972279,5,11,2016-05-11,Wednesday,0,0,0,0,0,0,0,0,0,0,0,1440,0,2063
1927972279,5,12,2016-05-12,Thursday,0,0,0,0,0,0,0,0,0,0,0,966,0,1383
2022484408,4,12,2016-04-12,Tuesday,11875,8.34,8.34,0,3.31,0.77,4.26,0,42,14,227,1157,283,2390
2022484408,4,13,2016-04-13,Wednesday,12024,8.5,8.5,0,2.99,0.1,5.41,0,43,5,292,1100,340,2601
2022484408,4,14,2016-04-14,Thursday,10690,7.5,7.5,0,2.48,0.21,4.82,0,32,3,257,1148,292,2312
2022484408,4,15,2016-04-15,Friday,11034,8.03,8.03,0,1.94,0.31,5.78,0,27,9,282,1122,318,2525
2022484408,4,16,2016-04-16,Saturday,10100,7.09,7.09,0,3.15,0.55,3.39,0,41,11,151,1237,203,2177
2022484408,4,17,2016-04-17,Sunday,15112,11.4,11.4,0,3.87,0.66,6.88,0,28,29,331,1052,388,2782
2022484408,4,18,2016-04-18,Monday,14131,10.07,10.07,0,3.64,0.12,6.3,0,48,3,311,1078,362,2770
2022484408,4,19,2016-04-19,Tuesday,11548,8.53,8.53,0,3.29,0.24,5,0,31,7,250,1152,288,2489
2022484408,4,20,2016-04-20,Wednesday,15112,10.67,10.67,0,3.34,1.93,5.4,0,48,63,276,1053,387,2897
2022484408,4,21,2016-04-21,Thursday,12453,8.74,8.74,0,3.33,1.11,4.31,0,104,53,255,1028,412,3158
2022484408,4,22,2016-04-22,Friday,12954,9.33,9.33,0,4.43,0.42,4.47,0,52,10,273,1105,335,2638
2022484408,4,23,2016-04-23,Saturday,6001,4.21,4.21,0,0,0,4.21,0,0,0,249,1191,249,2069
2022484408,4,24,2016-04-24,Sunday,13481,10.28,10.28,0,4.55,1.15,4.58,0,37,26,216,1161,279,2529
2022484408,4,25,2016-04-25,Monday,11369,8.01,8.01,0,3.33,0.22,4.46,0,44,8,217,1171,269,2470
2022484408,4,26,2016-04-26,Tuesday,10119,7.19,7.19,0,1.43,0.66,5.11,0,55,24,275,1086,354,2793
2022484408,4,27,2016-04-27,Wednesday,10159,7.13,7.13,0,1.04,0.97,5.12,0,19,20,282,1119,321,2463
2022484408,4,28,2016-04-28,Thursday,10140,7.12,7.12,0,0.41,1.33,5.39,0,6,20,291,1123,317,2296
2022484408,4,29,2016-04-29,Friday,10245,7.19,7.19,0,0.48,1.21,5.5,0,21,40,281,1098,342,2611
2022484408,4,30,2016-04-30,Saturday,18387,12.91,12.91,0,0.94,1.4,10.57,0,13,23,361,1043,397,2732
2022484408,5,1,2016-05-01,Sunday,10538,7.4,7.4,0,1.94,0.96,4.5,0,25,28,245,1142,298,2380
2022484408,5,2,2016-05-02,Monday,10379,7.29,7.29,0,2.61,0.34,4.33,0,36,8,277,1119,321,2473
2022484408,5,3,2016-05-03,Tuesday,12183,8.74,8.74,0,3.99,0.46,4.28,0,72,14,250,1104,336,2752
2022484408,5,4,2016-05-04,Wednesday,11768,8.29,8.29,0,2.51,0.93,4.85,0,36,27,272,1105,335,2649
2022484408,5,5,2016-05-05,Thursday,11895,8.35,8.35,0,2.79,0.86,4.7,0,55,20,253,1112,328,2609
2022484408,5,6,2016-05-06,Friday,10227,7.18,7.18,0,1.87,0.67,4.64,0,24,17,295,1104,336,2498
2022484408,5,7,2016-05-07,Saturday,6708,4.71,4.71,0,1.61,0.08,3.02,0,20,2,149,1269,171,1995
2022484408,5,8,2016-05-08,Sunday,3292,2.31,2.31,0,0,0,2.31,0,0,0,135,1305,135,1848
2022484408,5,9,2016-05-09,Monday,13379,9.39,9.39,0,2.12,1.63,5.64,0,35,47,297,1061,379,2709
2022484408,5,10,2016-05-10,Tuesday,12798,8.98,8.98,0,2.22,1.21,5.56,0,57,28,271,1084,356,2797
2022484408,5,11,2016-05-11,Wednesday,13272,9.32,9.32,0,4.18,1.15,3.99,0,58,25,224,1133,307,2544
2022484408,5,12,2016-05-12,Thursday,9117,6.41,6.41,0,1.28,0.67,4.44,0,16,16,236,728,268,1853
2026352035,4,12,2016-04-12,Tuesday,4414,2.74,2.74,0,0.19,0.35,2.2,0,3,8,181,706,192,1459
2026352035,4,13,2016-04-13,Wednesday,4993,3.1,3.1,0,0,0,3.1,0,0,0,238,663,238,1521
2026352035,4,14,2016-04-14,Thursday,3335,2.07,2.07,0,0,0,2.05,0,0,0,197,653,197,1431
2026352035,4,15,2016-04-15,Friday,3821,2.37,2.37,0,0,0,2.37,0,0,0,188,687,188,1444
2026352035,4,16,2016-04-16,Saturday,2547,1.58,1.58,0,0,0,1.58,0,0,0,150,728,150,1373
2026352035,4,17,2016-04-17,Sunday,838,0.52,0.52,0,0,0,0.52,0,0,0,60,1053,60,1214
2026352035,4,18,2016-04-18,Monday,3325,2.06,2.06,0,0,0,2.06,0,0,0,182,1062,182,1419
2026352035,4,19,2016-04-19,Tuesday,2424,1.5,1.5,0,0,0,1.5,0,0,0,141,785,141,1356
2026352035,4,20,2016-04-20,Wednesday,7222,4.48,4.48,0,0,0,4.48,0,0,0,327,623,327,1667
2026352035,4,21,2016-04-21,Thursday,2467,1.53,1.53,0,0,0,1.53,0,0,0,153,749,153,1370
2026352035,4,22,2016-04-22,Friday,2915,1.81,1.81,0,0,0,1.81,0,0,0,162,712,162,1399
2026352035,4,23,2016-04-23,Saturday,12357,7.71,7.71,0,0,0,7.71,0,0,0,432,458,432,1916
2026352035,4,24,2016-04-24,Sunday,3490,2.16,2.16,0,0,0,2.16,0,0,0,164,704,164,1401
2026352035,4,25,2016-04-25,Monday,6017,3.73,3.73,0,0,0,3.73,0,0,0,260,821,260,1576
2026352035,4,26,2016-04-26,Tuesday,5933,3.68,3.68,0,0,0,3.68,0,0,0,288,1018,288,1595
2026352035,4,27,2016-04-27,Wednesday,6088,3.77,3.77,0,0,0,3.77,0,0,0,286,586,286,1593
2026352035,4,28,2016-04-28,Thursday,6375,3.95,3.95,0,0,0,3.95,0,0,0,331,626,331,1649
2026352035,4,29,2016-04-29,Friday,7604,4.71,4.71,0,0,0,4.71,0,0,0,352,492,352,1692
2026352035,4,30,2016-04-30,Saturday,4729,2.93,2.93,0,0,0,2.93,0,0,0,233,594,233,1506
2026352035,5,1,2016-05-01,Sunday,3609,2.28,2.28,0,0,0,2.28,0,0,0,191,716,191,1447
2026352035,5,2,2016-05-02,Monday,7018,4.35,4.35,0,0,0,4.35,0,0,0,355,716,355,1690
2026352035,5,3,2016-05-03,Tuesday,5992,3.72,3.72,0,0,0,3.72,0,0,0,304,981,304,1604
2026352035,5,4,2016-05-04,Wednesday,6564,4.07,4.07,0,0,0,4.07,0,0,0,345,530,345,1658
2026352035,5,5,2016-05-05,Thursday,12167,7.54,7.54,0,0,0,7.54,0,0,0,475,479,475,1926
2026352035,5,6,2016-05-06,Friday,8198,5.08,5.08,0,0,0,5.08,0,0,0,383,511,383,1736
2026352035,5,7,2016-05-07,Saturday,4193,2.6,2.6,0,0,0,2.6,0,0,0,229,665,229,1491
2026352035,5,8,2016-05-08,Sunday,5528,3.45,3.45,0,0,0,3.45,0,0,0,258,610,258,1555
2026352035,5,9,2016-05-09,Monday,10685,6.62,6.62,0,0,0,6.6,0,0,0,401,543,401,1869
2026352035,5,10,2016-05-10,Tuesday,254,0.16,0.16,0,0,0,0.16,0,0,0,17,1002,17,1141
2026352035,5,11,2016-05-11,Wednesday,8580,5.32,5.32,0,0,0,5.32,0,0,0,330,569,330,1698
2026352035,5,12,2016-05-12,Thursday,8891,5.51,5.51,0,0,0,5.51,0,0,0,343,330,343,1364
2320127002,4,12,2016-04-12,Tuesday,10725,7.49,7.49,0,1.17,0.31,6.01,0,13,9,306,1112,328,2124
2320127002,4,13,2016-04-13,Wednesday,7275,4.9,4.9,0,0,0,4.9,0,0,0,335,1105,335,2003
2320127002,4,14,2016-04-14,Thursday,3973,2.68,2.68,0,0,0,2.68,0,0,0,191,1249,191,1696
2320127002,4,15,2016-04-15,Friday,5205,3.51,3.51,0,0,0,3.51,0,0,0,245,1195,245,1801
2320127002,4,16,2016-04-16,Saturday,5057,3.41,3.41,0,0,0,3.4,0,0,0,195,1245,195,1724
2320127002,4,17,2016-04-17,Sunday,6198,4.18,4.18,0,0,0,4.18,0,0,0,249,1191,249,1852
2320127002,4,18,2016-04-18,Monday,6559,4.42,4.42,0,0,0.26,4.14,0,0,7,260,1173,267,1905
2320127002,4,19,2016-04-19,Tuesday,5997,4.04,4.04,0,0,0.38,3.66,0,0,11,228,1201,239,1811
2320127002,4,20,2016-04-20,Wednesday,7192,4.85,4.85,0,0,0.49,4.34,0,0,11,283,1146,294,1922
2320127002,4,21,2016-04-21,Thursday,3404,2.29,2.29,0,0.06,0.42,1.81,0,1,10,127,1302,138,1610
2320127002,4,22,2016-04-22,Friday,5583,3.76,3.76,0,0,0,3.76,0,0,0,266,1174,266,1851
2320127002,4,23,2016-04-23,Saturday,5079,3.42,3.42,0,0,0,3.42,0,0,0,242,1129,242,1804
2320127002,4,24,2016-04-24,Sunday,4165,2.81,2.81,0,0,0,2.8,0,0,0,204,1236,204,1725
2320127002,4,25,2016-04-25,Monday,3588,2.42,2.42,0,0.23,0.2,1.99,0,3,5,152,1280,160,1654
2320127002,4,26,2016-04-26,Tuesday,3409,2.3,2.3,0,0,0,2.3,0,0,0,147,1293,147,1632
2320127002,4,27,2016-04-27,Wednesday,1715,1.16,1.16,0,0,0,1.16,0,0,0,82,1358,82,1481
2320127002,4,28,2016-04-28,Thursday,1532,1.03,1.03,0,0,0,1.03,0,0,0,76,1364,76,1473
2320127002,4,29,2016-04-29,Friday,924,0.62,0.62,0,0,0,0.62,0,0,0,45,1395,45,1410
2320127002,4,30,2016-04-30,Saturday,4571,3.08,3.08,0,0,0,3.07,0,0,0,234,1206,234,1779
2320127002,5,1,2016-05-01,Sunday,772,0.52,0.52,0,0,0,0.52,0,0,0,40,1400,40,1403
2320127002,5,2,2016-05-02,Monday,3634,2.45,2.45,0,0.36,0.21,1.88,0,5,6,123,1306,134,1613
2320127002,5,3,2016-05-03,Tuesday,7443,5.02,5.02,0,1.49,0.37,3.16,0,20,10,206,1204,236,1878
2320127002,5,4,2016-05-04,Wednesday,1201,0.81,0.81,0,0,0,0.81,0,0,0,52,1388,52,1426
2320127002,5,5,2016-05-05,Thursday,5202,3.51,3.51,0,0,0.39,3.11,0,0,11,223,1206,234,1780
2320127002,5,6,2016-05-06,Friday,4878,3.29,3.29,0,0,0,3.29,0,0,0,204,1236,204,1742
2320127002,5,7,2016-05-07,Saturday,7379,4.97,4.97,0,0,0,4.97,0,0,0,319,1121,319,1972
2320127002,5,8,2016-05-08,Sunday,5161,3.48,3.48,0,0,0,3.47,0,0,0,247,1193,247,1821
2320127002,5,9,2016-05-09,Monday,3090,2.08,2.08,0,0,0,2.08,0,0,0,145,1295,145,1630
2320127002,5,10,2016-05-10,Tuesday,6227,4.2,4.2,0,0,0,4.2,0,0,0,290,1150,290,1899
2320127002,5,11,2016-05-11,Wednesday,6424,4.33,4.33,0,0,0,4.33,0,0,0,300,1140,300,1903
2320127002,5,12,2016-05-12,Thursday,2661,1.79,1.79,0,0,0,1.79,0,0,0,128,830,128,1125
2347167796,4,12,2016-04-12,Tuesday,10113,6.83,6.83,0,2,0.62,4.2,0,28,13,320,964,361,2344
2347167796,4,13,2016-04-13,Wednesday,10352,7.01,7.01,0,1.66,1.94,3.41,0,19,32,195,676,246,2038
2347167796,4,14,2016-04-14,Thursday,10129,6.7,6.7,0,0.02,2.74,3.94,0,1,48,206,705,255,2010
2347167796,4,15,2016-04-15,Friday,10465,6.92,6.92,0,0.07,1.42,5.43,0,1,24,284,720,309,2133
2347167796,4,16,2016-04-16,Saturday,22244,15.08,15.08,0,5.45,4.1,5.53,0,66,72,268,968,406,2670
2347167796,4,17,2016-04-17,Sunday,5472,3.62,3.62,0,0.08,0.28,3.26,0,1,7,249,508,257,1882
2347167796,4,18,2016-04-18,Monday,8247,5.45,5.45,0,0.79,0.86,3.79,0,11,16,206,678,233,1944
2347167796,4,19,2016-04-19,Tuesday,6711,4.44,4.44,0,0,0,4.44,0,0,7,382,648,389,2346
2347167796,4,20,2016-04-20,Wednesday,10999,7.27,7.27,0,0.68,1.81,4.78,0,11,43,269,1011,323,2198
2347167796,4,21,2016-04-21,Thursday,10080,6.75,6.75,0,1.85,1.53,3.38,0,23,26,208,761,257,2048
2347167796,4,22,2016-04-22,Friday,7804,5.16,5.16,0,0.56,1.68,2.92,0,9,27,206,781,242,1946
2347167796,4,23,2016-04-23,Saturday,16901,11.37,11.37,0,2.78,1.45,7.15,0,32,35,360,591,427,2629
2347167796,4,24,2016-04-24,Sunday,9471,6.26,6.26,0,0,0,6.26,0,0,0,360,584,360,2187
2347167796,4,25,2016-04-25,Monday,9482,6.38,6.38,0,1.27,0.52,4.6,0,15,11,277,653,303,2095
2347167796,4,26,2016-04-26,Tuesday,5980,3.95,3.95,0,0,0,3.95,0,0,0,227,732,227,1861
2347167796,4,27,2016-04-27,Wednesday,11423,7.58,7.58,0,1.86,0.4,5.32,0,26,9,295,623,330,2194
2347167796,4,28,2016-04-28,Thursday,5439,3.6,3.6,0,0,0,3.6,0,0,0,229,764,229,1854
2347167796,4,29,2016-04-29,Friday,42,0.03,0.03,0,0,0,0.03,0,0,0,4,2,4,403
2873212765,4,12,2016-04-12,Tuesday,8796,5.91,5.91,0,0.11,0.93,4.88,0,2,21,356,1061,379,1982
2873212765,4,13,2016-04-13,Wednesday,7618,5.12,5.12,0,0,0.22,4.88,0.02,0,8,404,1028,412,2004
2873212765,4,14,2016-04-14,Thursday,7910,5.32,5.32,0,0,0,5.32,0,0,0,331,1109,331,1893
2873212765,4,15,2016-04-15,Friday,8482,5.7,5.7,0,0,0,5.69,0.01,0,0,448,992,448,2063
2873212765,4,16,2016-04-16,Saturday,9685,6.65,6.65,0,3.11,0.02,3.51,0.01,47,1,305,1087,353,2148
2873212765,4,17,2016-04-17,Sunday,2524,1.7,1.7,0,0,0.35,1.34,0,0,8,160,1272,168,1529
2873212765,4,18,2016-04-18,Monday,7762,5.24,5.24,0,0.07,0.28,4.89,0,1,6,311,1122,318,1890
2873212765,4,19,2016-04-19,Tuesday,7948,5.37,5.37,0,0,0,5.36,0,0,0,389,1051,389,1956
2873212765,4,20,2016-04-20,Wednesday,9202,6.3,6.3,0,1.51,0.12,4.66,0.01,22,5,378,1035,405,2094
2873212765,4,21,2016-04-21,Thursday,8859,5.98,5.98,0,0.13,0.37,5.47,0.01,2,10,371,1057,383,1970
2873212765,4,22,2016-04-22,Friday,7286,4.9,4.9,0,0.46,0,4.42,0.02,46,0,366,1028,412,2241
2873212765,4,23,2016-04-23,Saturday,9317,6.35,6.35,0,2.09,0.23,4.02,0.01,28,5,330,1077,363,2021
2873212765,4,24,2016-04-24,Sunday,6873,4.68,4.68,0,3,0.06,1.62,0,46,1,190,1203,237,1898
2873212765,4,25,2016-04-25,Monday,7373,4.95,4.95,0,0,0,4.95,0,0,0,359,1081,359,1907
2873212765,4,26,2016-04-26,Tuesday,8242,5.54,5.54,0,0.12,0.18,5.24,0,2,5,309,1124,316,1882
2873212765,4,27,2016-04-27,Wednesday,3516,2.36,2.36,0,0,0,2.36,0,46,0,197,1197,243,1966
2873212765,4,28,2016-04-28,Thursday,7913,5.41,5.41,0,2.16,0.34,2.91,0,28,7,213,1192,248,1835
2873212765,4,29,2016-04-29,Friday,7365,4.95,4.95,0,1.36,1.41,2.18,0,20,23,206,1191,249,1780
2873212765,4,30,2016-04-30,Saturday,8452,5.68,5.68,0,0.33,1.08,4.26,0.01,5,20,248,1167,273,1830
2873212765,5,1,2016-05-01,Sunday,7399,4.97,4.97,0,0.49,1.04,3.44,0,7,18,196,1219,221,1739
2873212765,5,2,2016-05-02,Monday,7525,5.06,5.06,0,0,0.21,4.83,0.02,0,7,334,1099,341,1878
2873212765,5,3,2016-05-03,Tuesday,7412,4.98,4.98,0,0.06,0.25,4.66,0.01,1,6,363,1070,370,1906
2873212765,5,4,2016-05-04,Wednesday,8278,5.56,5.56,0,0,0,5.56,0,0,0,420,1020,420,2015
2873212765,5,5,2016-05-05,Thursday,8314,5.61,5.61,0,0.78,0.8,4.03,0,13,23,311,1093,347,1971
2873212765,5,6,2016-05-06,Friday,7063,4.75,4.75,0,0,0.12,4.61,0.01,0,5,370,1065,375,1910
2873212765,5,7,2016-05-07,Saturday,4940,3.38,3.38,0,2.28,0.55,0.55,0,75,11,52,1302,138,1897
2873212765,5,8,2016-05-08,Sunday,8168,5.54,5.54,0,2.9,0,2.64,0,46,0,326,1068,372,2096
2873212765,5,9,2016-05-09,Monday,7726,5.19,5.19,0,0,0,5.19,0,0,0,345,1095,345,1906
2873212765,5,10,2016-05-10,Tuesday,8275,5.56,5.56,0,0,0,5.55,0.01,0,0,373,1067,373,1962
2873212765,5,11,2016-05-11,Wednesday,6440,4.33,4.33,0,0,0,4.32,0.01,0,0,319,1121,319,1826
2873212765,5,12,2016-05-12,Thursday,7566,5.11,5.11,0,0,0,5.11,0,0,0,268,720,268,1431
3372868164,4,12,2016-04-12,Tuesday,4747,3.24,3.24,0,0,0,3.23,0.01,0,0,280,1160,280,1788
3372868164,4,13,2016-04-13,Wednesday,9715,6.63,6.63,0,0.99,0.34,5.27,0.02,16,8,371,1045,395,2093
3372868164,4,14,2016-04-14,Thursday,8844,6.03,6.03,0,0.34,1.03,4.65,0.01,6,25,370,1039,401,2065
3372868164,4,15,2016-04-15,Friday,7451,5.08,5.08,0,0,0,5.06,0.02,0,0,335,1105,335,1908
3372868164,4,16,2016-04-16,Saturday,6905,4.73,4.73,0,0,0,4.7,0.03,0,0,356,1084,356,1908
3372868164,4,17,2016-04-17,Sunday,8199,5.88,5.88,0,1.41,0.1,4.36,0.01,11,2,322,1105,335,1964
3372868164,4,18,2016-04-18,Monday,6798,4.64,4.64,0,1.08,0.2,3.35,0,20,7,343,1070,370,2014
3372868164,4,19,2016-04-19,Tuesday,7711,5.26,5.26,0,0,0,5.24,0.02,0,0,376,1064,376,1985
3372868164,4,20,2016-04-20,Wednesday,4880,3.33,3.33,0,0.84,0.09,2.38,0.02,15,3,274,1148,292,1867
3372868164,4,21,2016-04-21,Thursday,8857,6.07,6.07,0,1.15,0.26,4.64,0.01,18,9,376,1037,403,2124
3372868164,4,22,2016-04-22,Friday,3843,2.62,2.62,0,0,0,2.61,0.01,0,0,206,1234,206,1669
3372868164,4,23,2016-04-23,Saturday,7396,5.07,5.07,0,1.4,0.08,3.58,0,20,2,303,1115,325,1995
3372868164,4,24,2016-04-24,Sunday,6731,4.59,4.59,0,0.89,0.19,3.49,0.02,14,7,292,1127,313,1921
3372868164,4,25,2016-04-25,Monday,5995,4.09,4.09,0,0,0,4.09,0,0,0,416,1024,416,2010
3372868164,4,26,2016-04-26,Tuesday,8283,5.79,5.79,0,1.85,0.05,3.87,0.01,22,2,333,1083,357,2057
3372868164,4,27,2016-04-27,Wednesday,7904,5.42,5.42,0,1.58,0.63,3.19,0.01,24,13,346,1057,383,2095
3372868164,4,28,2016-04-28,Thursday,5512,3.76,3.76,0,0,0,3.76,0,0,0,385,1055,385,1972
3372868164,4,29,2016-04-29,Friday,9135,6.23,6.23,0,0,0,6.22,0.01,0,0,402,1038,402,2044
3372868164,4,30,2016-04-30,Saturday,5250,3.58,3.58,0,1.06,0.09,2.42,0.01,17,4,300,1119,321,1946
3372868164,5,1,2016-05-01,Sunday,3077,2.1,2.1,0,0,0,2.09,0,0,0,172,842,172,1237
3977333714,4,12,2016-04-12,Tuesday,8856,5.98,5.98,0,3.06,0.91,2.01,0,44,19,131,777,194,1450
3977333714,4,13,2016-04-13,Wednesday,10035,6.71,6.71,0,2.03,2.13,2.55,0,31,46,153,754,230,1495
3977333714,4,14,2016-04-14,Thursday,7641,5.11,5.11,0,0.32,0.97,3.82,0,5,23,214,801,242,1433
3977333714,4,15,2016-04-15,Friday,9010,6.06,6.06,0,1.05,1.75,3.26,0,15,42,183,644,240,1468
3977333714,4,16,2016-04-16,Saturday,13459,9,9,0,2.03,4,2.97,0,31,83,153,663,267,1625
3977333714,4,17,2016-04-17,Sunday,10415,6.97,6.97,0,0.7,2.35,3.92,0,11,58,205,600,274,1529
3977333714,4,18,2016-04-18,Monday,11663,7.8,7.8,0,0.25,3.73,3.82,0,4,95,214,605,313,1584
3977333714,4,19,2016-04-19,Tuesday,12414,8.78,8.78,0,2.24,2.45,3.96,0,19,67,221,738,307,1638
3977333714,4,20,2016-04-20,Wednesday,11658,7.83,7.83,0,0.2,4.35,3.28,0,2,98,164,845,264,1554
3977333714,4,21,2016-04-21,Thursday,6093,4.08,4.08,0,0,0,4.06,0,0,0,242,712,242,1397
3977333714,4,22,2016-04-22,Friday,8911,5.96,5.96,0,2.33,0.58,3.06,0,33,12,188,731,233,1481
3977333714,4,23,2016-04-23,Saturday,12058,8.07,8.07,0,0,4.22,3.85,0,0,92,252,724,344,1638
3977333714,4,24,2016-04-24,Sunday,14112,10,10,0,3.27,4.56,2.17,0,30,95,129,660,254,1655
3977333714,4,25,2016-04-25,Monday,11177,8.48,8.48,0,5.62,0.43,2.41,0,50,9,133,781,192,1570
3977333714,4,26,2016-04-26,Tuesday,11388,7.62,7.62,0,0.45,4.22,2.95,0,7,95,170,797,272,1551
3977333714,4,27,2016-04-27,Wednesday,7193,5.04,5.04,0,0,0.42,4.62,0,0,10,176,714,186,1377
3977333714,4,28,2016-04-28,Thursday,7114,4.88,4.88,0,1.37,0.29,3.22,0,15,8,190,804,213,1407
3977333714,4,29,2016-04-29,Friday,10645,7.75,7.75,0,3.74,1.3,2.71,0,36,32,150,744,218,1545
3977333714,4,30,2016-04-30,Saturday,13238,9.2,9.2,0,3.69,2.1,3.41,0,43,52,194,687,289,1650
3977333714,5,1,2016-05-01,Sunday,10414,7.07,7.07,0,2.67,1.98,2.41,0,41,40,124,691,205,1501
3977333714,5,2,2016-05-02,Monday,16520,11.05,11.05,0,1.54,6.48,3.02,0,24,143,176,713,343,1760
3977333714,5,3,2016-05-03,Tuesday,14335,9.59,9.59,0,3.32,1.74,4.53,0,47,41,258,594,346,1710
3977333714,5,4,2016-05-04,Wednesday,13559,9.44,9.44,0,1.81,4.58,2.89,0,14,96,142,852,252,1628
3977333714,5,5,2016-05-05,Thursday,12312,8.58,8.58,0,1.76,4.11,2.71,0,14,88,178,680,280,1618
3977333714,5,6,2016-05-06,Friday,11677,8.28,8.28,0,3.11,2.51,2.67,0,29,55,168,676,252,1590
3977333714,5,7,2016-05-07,Saturday,11550,7.73,7.73,0,0,4.13,3.59,0,0,86,208,703,294,1574
3977333714,5,8,2016-05-08,Sunday,13585,9.09,9.09,0,0.68,5.24,3.17,0,9,116,171,688,296,1633
3977333714,5,9,2016-05-09,Monday,14687,10.08,10.08,0,0.77,5.6,3.55,0,8,122,151,1159,281,1667
3977333714,5,10,2016-05-10,Tuesday,13072,8.78,8.78,0,0.07,5.4,3.31,0,1,115,196,676,312,1630
3977333714,5,11,2016-05-11,Wednesday,746,0.5,0.5,0,0.37,0,0.13,0,4,0,9,13,13,52
4020332650,4,12,2016-04-12,Tuesday,8539,6.12,6.12,0,0.15,0.24,5.68,0,4,15,331,712,350,3654
4020332650,4,13,2016-04-13,Wednesday,0,0,0,0,0,0,0,0,0,0,0,1440,0,1981
4020332650,4,14,2016-04-14,Thursday,108,0.08,0.08,0,0,0,0.03,0,0,0,3,1437,3,2011
4020332650,4,15,2016-04-15,Friday,1882,1.35,1.35,0,0.21,0.36,0.77,0,36,18,87,1299,141,2951
4020332650,4,16,2016-04-16,Saturday,1982,1.42,1.42,0,0.45,0.37,0.59,0,65,21,55,1222,141,3051
4020332650,4,17,2016-04-17,Sunday,16,0.01,0.01,0,0,0,0.01,0,0,0,2,1438,2,1990
4020332650,4,18,2016-04-18,Monday,62,0.04,0.04,0,0,0,0.04,0,0,0,2,1438,2,1995
4020332650,4,19,2016-04-19,Tuesday,0,0,0,0,0,0,0,0,0,0,0,1440,0,1980
4020332650,4,20,2016-04-20,Wednesday,0,0,0,0,0,0,0,0,0,0,0,1440,0,1980
4020332650,4,21,2016-04-21,Thursday,0,0,0,0,0,0,0,0,0,0,0,1440,0,1980
4020332650,4,22,2016-04-22,Friday,0,0,0,0,0,0,0,0,0,0,0,1440,0,1980
4020332650,4,23,2016-04-23,Saturday,0,0,0,0,0,0,0,0,0,0,0,1440,0,1980
4020332650,4,24,2016-04-24,Sunday,0,0,0,0,0,0,0,0,0,0,0,1440,0,1980
4020332650,4,25,2016-04-25,Monday,0,0,0,0,0,0,0,0,0,0,0,1440,0,1980
4020332650,4,26,2016-04-26,Tuesday,0,0,0,0,0,0,0,0,0,0,0,1440,0,1980
4020332650,4,27,2016-04-27,Wednesday,0,0,0,0,0,0,0,0,0,0,0,1440,0,1980
4020332650,4,28,2016-04-28,Thursday,0,0,0,0,0,0,0,0,0,0,0,1440,0,1980
4020332650,4,29,2016-04-29,Friday,0,0,0,0,0,0,0,0,0,0,0,1440,0,1980
4020332650,4,30,2016-04-30,Saturday,0,0,0,0,0,0,0,0,0,0,0,1440,0,1980
4020332650,5,1,2016-05-01,Sunday,0,0,0,0,0,0,0,0,0,0,0,1440,0,1980
4020332650,5,2,2016-05-02,Monday,475,0.34,0.34,0,0,0.04,0.29,0,0,11,31,1350,42,2207
4020332650,5,3,2016-05-03,Tuesday,4496,3.22,3.22,0,0,0,3.15,0.05,0,0,174,950,174,2828
4020332650,5,4,2016-05-04,Wednesday,10252,7.35,7.35,0,0.67,1.04,5.58,0,13,46,346,531,405,3879
4020332650,5,5,2016-05-05,Thursday,11728,8.43,8.43,0,2.62,1.68,4.04,0.07,38,42,196,916,276,3429
4020332650,5,6,2016-05-06,Friday,4369,3.13,3.13,0,0,0,3.1,0.01,0,0,177,855,177,2704
4020332650,5,7,2016-05-07,Saturday,6132,4.4,4.4,0,0,0,3.58,0,0,0,184,1256,184,2975
4020332650,5,8,2016-05-08,Sunday,5862,4.2,4.2,0,0,0,4.15,0,0,0,263,775,263,3089
4020332650,5,9,2016-05-09,Monday,4556,3.27,3.27,0,0.2,0.12,2.94,0,3,5,173,1225,181,2785
4020332650,5,10,2016-05-10,Tuesday,5546,3.98,3.98,0,0,0,3.87,0.04,0,0,206,774,206,2926
4020332650,5,11,2016-05-11,Wednesday,3689,2.65,2.65,0,0.11,0.17,2.33,0,2,8,134,1296,144,2645
4020332650,5,12,2016-05-12,Thursday,590,0.42,0.42,0,0,0,0.41,0,0,0,21,721,21,1120
4057192912,4,12,2016-04-12,Tuesday,5394,4.03,4.03,0,0,0,3.94,0,0,0,164,1276,164,2286
4057192912,4,13,2016-04-13,Wednesday,5974,4.47,4.47,0,0,0,4.37,0,0,0,160,1280,160,2306
4057192912,4,14,2016-04-14,Thursday,0,0,0,0,0,0,0,0,0,0,0,1440,0,1776
4057192912,4,15,2016-04-15,Friday,3984,2.95,2.95,0,0.21,0.26,2.44,0,3,6,88,873,97,1527
4319703577,4,12,2016-04-12,Tuesday,7753,5.2,5.2,0,0,0,0,0,0,0,0,1440,0,2115
4319703577,4,13,2016-04-13,Wednesday,8204,5.5,5.5,0,0.53,0.59,1.31,0,8,15,96,1234,119,2135
4319703577,4,14,2016-04-14,Thursday,10210,6.88,6.88,0,0.11,0.33,6.44,0,1,9,339,589,349,2302
4319703577,4,15,2016-04-15,Friday,5664,3.8,3.8,0,0,0,3.8,0,0,0,228,752,228,1985
4319703577,4,16,2016-04-16,Saturday,4744,3.18,3.18,0,0,0,3.18,0,0,0,194,724,194,1884
4319703577,4,17,2016-04-17,Sunday,29,0.02,0.02,0,0,0,0.02,0,0,0,3,1363,3,1464
4319703577,4,18,2016-04-18,Monday,2276,1.55,1.55,0,0.07,0.33,1.12,0,1,9,58,824,68,1632
4319703577,4,19,2016-04-19,Tuesday,8925,5.99,5.99,0,0,0,5.99,0,0,0,311,604,311,2200
4319703577,4,20,2016-04-20,Wednesday,8954,6.01,6.01,0,0,0.68,5.31,0,0,18,306,671,324,2220
4319703577,4,21,2016-04-21,Thursday,3702,2.48,2.48,0,0,0,0.35,0,0,0,34,1265,34,1792
4319703577,4,22,2016-04-22,Friday,4500,3.02,3.02,0,0.06,0.81,2.15,0,1,19,176,709,196,1886
4319703577,4,23,2016-04-23,Saturday,4935,3.31,3.31,0,0,0,3.31,0,0,0,233,546,233,1945
4319703577,4,24,2016-04-24,Sunday,4081,2.74,2.74,0,0.06,0.2,2.47,0,1,5,191,692,197,1880
4319703577,4,25,2016-04-25,Monday,9259,6.21,6.21,0,0,0.28,5.93,0,0,8,390,544,398,2314
4319703577,4,26,2016-04-26,Tuesday,9899,6.64,6.64,0,0.57,0.92,5.15,0,8,21,288,649,317,2236
4319703577,4,27,2016-04-27,Wednesday,10780,7.23,7.23,0,0.41,1.92,4.91,0,6,47,300,680,353,2324
4319703577,4,28,2016-04-28,Thursday,10817,7.28,7.28,0,1.01,0.33,5.94,0,13,8,359,552,380,2367
4319703577,4,29,2016-04-29,Friday,7990,5.36,5.36,0,0.45,0.79,4.12,0,6,18,289,624,313,2175
4319703577,4,30,2016-04-30,Saturday,8221,5.52,5.52,0,0.4,1.61,3.51,0,6,38,196,695,240,2092
4319703577,5,1,2016-05-01,Sunday,1251,0.84,0.84,0,0,0,0.84,0,0,0,67,836,67,1593
4319703577,5,2,2016-05-02,Monday,9261,6.24,6.24,0,0,0.44,5.71,0,0,11,344,585,355,2270
4319703577,5,3,2016-05-03,Tuesday,9648,6.47,6.47,0,0.58,1.07,4.83,0,8,26,287,669,321,2235
4319703577,5,4,2016-05-04,Wednesday,10429,7.02,7.02,0,0.59,0.58,5.85,0,8,13,313,1106,334,2282
4319703577,5,5,2016-05-05,Thursday,13658,9.49,9.49,0,2.63,1.41,5.45,0,27,34,328,957,389,2530
4319703577,5,6,2016-05-06,Friday,9524,6.42,6.42,0,0.41,0.47,5.46,0,6,11,314,692,331,2266
4319703577,5,7,2016-05-07,Saturday,7937,5.33,5.33,0,0.19,1.05,4.08,0,3,28,279,586,310,2158
4319703577,5,8,2016-05-08,Sunday,3672,2.46,2.46,0,0,0,2.46,0,0,0,153,603,153,1792
4319703577,5,9,2016-05-09,Monday,10378,6.96,6.96,0,0.14,0.56,6.25,0,2,14,374,490,390,2345
4319703577,5,10,2016-05-10,Tuesday,9487,6.37,6.37,0,0.21,0.46,5.7,0,3,12,329,555,344,2260
4319703577,5,11,2016-05-11,Wednesday,9129,6.13,6.13,0,0.2,0.74,5.18,0,3,18,311,574,332,2232
4319703577,5,12,2016-05-12,Thursday,17,0.01,0.01,0,0,0,0.01,0,0,0,2,0,2,257
4388161847,4,12,2016-04-12,Tuesday,10122,7.78,7.78,0,0,0,0,0,0,0,0,1440,0,2955
4388161847,4,13,2016-04-13,Wednesday,10993,8.45,8.45,0,0.06,0.63,3.88,0,1,14,150,1275,165,3092
4388161847,4,14,2016-04-14,Thursday,8863,6.82,6.82,0,0.13,1.07,5.62,0,10,35,219,945,264,2998
4388161847,4,15,2016-04-15,Friday,8758,6.73,6.73,0,0,0,6.73,0,0,0,299,837,299,3066
4388161847,4,16,2016-04-16,Saturday,6580,5.06,5.06,0,0.21,0.4,4.45,0,6,9,253,609,268,3073
4388161847,4,17,2016-04-17,Sunday,4660,3.58,3.58,0,0,0,3.58,0,0,0,201,721,201,2572
4388161847,4,18,2016-04-18,Monday,11009,9.1,9.1,0,3.56,0.4,5.14,0,27,8,239,1017,274,3274
4388161847,4,19,2016-04-19,Tuesday,10181,7.83,7.83,0,1.37,0.69,5.77,0,20,16,249,704,285,3015
4388161847,4,20,2016-04-20,Wednesday,10553,8.12,8.12,0,1.1,1.72,5.29,0,19,42,228,696,289,3083
4388161847,4,21,2016-04-21,Thursday,10055,7.73,7.73,0,0.37,0.39,6.98,0,7,12,272,853,291,3069
4388161847,4,22,2016-04-22,Friday,12139,9.34,9.34,0,3.3,1.11,4.92,0,77,25,220,945,322,3544
4388161847,4,23,2016-04-23,Saturday,13236,10.18,10.18,0,4.5,0.32,5.35,0,58,5,215,749,278,3306
4388161847,4,24,2016-04-24,Sunday,10243,7.88,7.88,0,1.08,0.51,6.3,0,14,8,239,584,261,2885
4388161847,4,25,2016-04-25,Monday,12961,9.97,9.97,0,0.73,1.4,7.84,0,11,31,301,1054,343,3288
4388161847,4,26,2016-04-26,Tuesday,9461,7.28,7.28,0,0.94,1.06,5.27,0,14,23,224,673,261,2929
4388161847,4,27,2016-04-27,Wednesday,11193,8.61,8.61,0,0.7,2.51,5.39,0,11,48,241,684,300,3074
4388161847,4,28,2016-04-28,Thursday,10074,7.75,7.75,0,1.29,0.43,6.03,0,19,9,234,878,262,2969
4388161847,4,29,2016-04-29,Friday,9232,7.1,7.1,0,0.8,0.89,5.42,0,13,16,236,1175,265,2979
4388161847,4,30,2016-04-30,Saturday,12533,9.64,9.64,0,0.7,2,6.94,0,14,43,300,537,357,3283
4388161847,5,1,2016-05-01,Sunday,10255,7.89,7.89,0,1.01,0.68,6.2,0,12,15,241,579,268,2926
4388161847,5,2,2016-05-02,Monday,10096,8.4,8.4,0,3.77,0.08,4.55,0,33,4,204,935,241,3147
4388161847,5,3,2016-05-03,Tuesday,12727,9.79,9.79,0,1.13,0.78,7.88,0,18,18,306,984,342,3290
4388161847,5,4,2016-05-04,Wednesday,12375,9.52,9.52,0,2.79,0.93,5.8,0,35,21,251,632,307,3162
4388161847,5,5,2016-05-05,Thursday,9603,7.38,7.38,0,0.63,1.67,5.09,0,12,39,199,896,250,2899
4388161847,5,6,2016-05-06,Friday,13175,10.13,10.13,0,2.11,2.09,5.93,0,33,45,262,1100,340,3425
4388161847,5,7,2016-05-07,Saturday,22770,17.54,17.54,0,9.45,2.77,5.33,0,120,56,260,508,436,4022
4388161847,5,8,2016-05-08,Sunday,17298,14.38,14.38,0,9.89,1.26,3.23,0,107,38,178,576,323,3934
4388161847,5,9,2016-05-09,Monday,10218,7.86,7.86,0,0.34,0.73,6.79,0,6,19,258,1020,283,3013
4388161847,5,10,2016-05-10,Tuesday,10299,7.92,7.92,0,0.81,0.65,6.46,0,13,14,267,648,294,3061
4388161847,5,11,2016-05-11,Wednesday,10201,7.84,7.84,0,0.53,0.79,6.53,0,8,18,256,858,282,2954
4388161847,5,12,2016-05-12,Thursday,3369,2.59,2.59,0,0,0,2.59,0,0,0,108,825,108,1623
4445114986,4,12,2016-04-12,Tuesday,3276,2.2,2.2,0,0,0,2.2,0,0,0,196,787,196,2113
4445114986,4,13,2016-04-13,Wednesday,2961,1.99,1.99,0,0,0,1.99,0,0,0,194,840,194,2095
4445114986,4,14,2016-04-14,Thursday,3974,2.67,2.67,0,0,0,2.67,0,0,0,231,717,231,2194
4445114986,4,15,2016-04-15,Friday,7198,4.83,4.83,0,0,0,4.83,0,0,0,350,711,350,2496
4445114986,4,16,2016-04-16,Saturday,3945,2.65,2.65,0,0,0,2.65,0,0,0,225,716,225,2180
4445114986,4,17,2016-04-17,Sunday,2268,1.52,1.52,0,0,0,1.52,0,0,0,114,1219,114,1933
4445114986,4,18,2016-04-18,Monday,6155,4.24,4.24,0,2,0.29,1.95,0,25,6,162,1247,193,2248
4445114986,4,19,2016-04-19,Tuesday,2064,1.39,1.39,0,0,0,1.39,0,0,0,121,895,121,1954
4445114986,4,20,2016-04-20,Wednesday,2072,1.39,1.39,0,0,0,1.39,0,0,0,137,841,137,1974
4445114986,4,21,2016-04-21,Thursday,3809,2.56,2.56,0,0,0,2.54,0,0,0,215,756,215,2150
4445114986,4,22,2016-04-22,Friday,6831,4.58,4.58,0,0,0,4.58,0,0,0,317,706,317,2432
4445114986,4,23,2016-04-23,Saturday,4363,2.93,2.93,0,0,0,2.93,0,0,0,201,1239,201,2149
4445114986,4,24,2016-04-24,Sunday,5002,3.36,3.36,0,0,0,3.36,0,0,0,244,1196,244,2247
4445114986,4,25,2016-04-25,Monday,3385,2.27,2.27,0,0,0,2.27,0,0,0,179,916,179,2070
4445114986,4,26,2016-04-26,Tuesday,6326,4.41,4.41,0,2.41,0.04,1.96,0,29,1,180,839,210,2291
4445114986,4,27,2016-04-27,Wednesday,7243,5.03,5.03,0,2.62,0.03,2.38,0,32,1,194,839,227,2361
4445114986,4,28,2016-04-28,Thursday,4493,3.01,3.01,0,0,0,3.01,0,0,0,236,762,236,2203
4445114986,4,29,2016-04-29,Friday,4676,3.14,3.14,0,0,0,3.13,0,0,0,226,1106,226,2196
4445114986,4,30,2016-04-30,Saturday,6222,4.18,4.18,0,0,0,4.18,0,0,0,290,797,290,2363
4445114986,5,1,2016-05-01,Sunday,5232,3.51,3.51,0,0,0,3.51,0,0,0,240,741,240,2246
4445114986,5,2,2016-05-02,Monday,6910,4.75,4.75,0,2.21,0.19,2.35,0,27,4,200,667,231,2336
4445114986,5,3,2016-05-03,Tuesday,7502,5.18,5.18,0,2.48,0.11,2.58,0,30,2,233,725,265,2421
4445114986,5,4,2016-05-04,Wednesday,2923,1.96,1.96,0,0,0,1.96,0,0,0,180,897,180,2070
4445114986,5,5,2016-05-05,Thursday,3800,2.55,2.55,0,0.12,0.24,2.18,0,2,6,185,734,193,2120
4445114986,5,6,2016-05-06,Friday,4514,3.03,3.03,0,0,0,3.03,0,0,0,229,809,229,2211
4445114986,5,7,2016-05-07,Saturday,5183,3.59,3.59,0,2.13,0.19,1.25,0,26,4,108,866,138,2123
4445114986,5,8,2016-05-08,Sunday,7303,4.9,4.9,0,0,0.25,4.65,0,0,8,308,733,316,2423
4445114986,5,9,2016-05-09,Monday,5275,3.54,3.54,0,0,0,3.54,0,0,0,266,641,266,2281
4445114986,5,10,2016-05-10,Tuesday,3915,2.63,2.63,0,0,0,2.63,0,0,0,231,783,231,2181
4445114986,5,11,2016-05-11,Wednesday,9105,6.11,6.11,0,2.25,1,2.86,0,34,22,232,622,288,2499
4445114986,5,12,2016-05-12,Thursday,768,0.52,0.52,0,0,0,0.52,0,0,0,58,380,58,1212
4558609924,4,12,2016-04-12,Tuesday,5135,3.39,3.39,0,0,0,3.39,0,0,0,318,1122,318,1909
4558609924,4,13,2016-04-13,Wednesday,4978,3.29,3.29,0,1.24,0.44,1.61,0,19,7,127,1287,153,1722
4558609924,4,14,2016-04-14,Thursday,6799,4.49,4.49,0,0,0,4.49,0,0,0,279,1161,279,1922
4558609924,4,15,2016-04-15,Friday,7795,5.15,5.15,0,0.59,0.84,3.73,0,17,30,262,1131,309,2121
4558609924,4,16,2016-04-16,Saturday,7289,4.82,4.82,0,0.55,0.75,3.5,0,8,12,308,1112,328,1997
4558609924,4,17,2016-04-17,Sunday,9634,6.4,6.4,0,0.55,1.14,4.71,0,7,19,304,1110,330,2117
4558609924,4,18,2016-04-18,Monday,8940,5.91,5.91,0,0.98,0.93,4,0,14,15,331,1080,360,2116
4558609924,4,19,2016-04-19,Tuesday,5401,3.57,3.57,0,0.05,0.36,3.16,0,1,9,248,1182,258,1876
4558609924,4,20,2016-04-20,Wednesday,4803,3.17,3.17,0,0,0,3.17,0,0,0,222,1218,222,1788
4558609924,4,21,2016-04-21,Thursday,13743,9.08,9.08,0,0.42,0.97,7.7,0,6,21,432,844,459,2486
4558609924,4,22,2016-04-22,Friday,9601,6.35,6.35,0,1.37,1.5,3.47,0,20,25,273,1122,318,2094
4558609924,4,23,2016-04-23,Saturday,6890,4.55,4.55,0,0.34,0.2,4.01,0,5,5,308,1122,318,2085
4558609924,4,24,2016-04-24,Sunday,8563,5.66,5.66,0,0,0,5.65,0,0,0,395,1045,395,2173
4558609924,4,25,2016-04-25,Monday,8095,5.35,5.35,0,0.59,0.25,4.51,0,18,10,340,993,368,2225
4558609924,4,26,2016-04-26,Tuesday,9148,6.05,6.05,0,0.43,2.03,3.59,0,12,41,283,1062,336,2223
4558609924,4,27,2016-04-27,Wednesday,9557,6.32,6.32,0,1.96,0.89,3.46,0,27,14,312,1087,353,2098
4558609924,4,28,2016-04-28,Thursday,9451,6.25,6.25,0,0.02,0.27,5.95,0,1,11,367,985,379,2185
4558609924,4,29,2016-04-29,Friday,7833,5.18,5.18,0,1.02,1.85,2.31,0,15,29,197,1096,241,1918
4558609924,4,30,2016-04-30,Saturday,10319,6.82,6.82,0,0.47,1.89,4.46,0,7,29,293,1111,329,2105
4558609924,5,1,2016-05-01,Sunday,3428,2.27,2.27,0,0,0,2.27,0,0,0,190,1121,190,1692
4558609924,5,2,2016-05-02,Monday,7891,5.22,5.22,0,0,0,5.22,0,0,0,383,1057,383,2066
4558609924,5,3,2016-05-03,Tuesday,5267,3.48,3.48,0,0.6,0.28,2.6,0,21,10,237,1172,268,1953
4558609924,5,4,2016-05-04,Wednesday,5232,3.46,3.46,0,0,0,3.46,0,0,0,252,1188,252,1842
4558609924,5,5,2016-05-05,Thursday,10611,7.01,7.01,0,1.01,0.5,5.51,0,14,8,370,1048,392,2262
4558609924,5,6,2016-05-06,Friday,3755,2.48,2.48,0,0,0,2.48,0,0,0,202,1238,202,1722
4558609924,5,7,2016-05-07,Saturday,8237,5.44,5.44,0,1.61,1,2.83,0,23,16,233,1116,272,1973
4558609924,5,8,2016-05-08,Sunday,6543,4.33,4.33,0,1.8,0.5,2.02,0,66,35,238,1019,339,2666
4558609924,5,9,2016-05-09,Monday,11451,7.57,7.57,0,0.43,1.62,5.52,0,6,30,339,1065,375,2223
4558609924,5,10,2016-05-10,Tuesday,6435,4.25,4.25,0,0.74,1.12,2.39,0,11,18,220,1191,249,1889
4558609924,5,11,2016-05-11,Wednesday,9108,6.02,6.02,0,0.26,1.82,3.94,0,4,31,324,1081,359,2131
4558609924,5,12,2016-05-12,Thursday,6307,4.17,4.17,0,0,0,4.17,0,0,0,247,736,247,1452
4702921684,4,12,2016-04-12,Tuesday,7213,5.88,5.88,0,0,0,5.85,0,0,0,263,718,263,2947
4702921684,4,13,2016-04-13,Wednesday,6877,5.58,5.58,0,0,0,5.58,0,0,0,258,777,258,2898
4702921684,4,14,2016-04-14,Thursday,7860,6.37,6.37,0,0,0,6.37,0,0,0,271,772,271,2984
4702921684,4,15,2016-04-15,Friday,6506,5.28,5.28,0,0.07,0.42,4.79,0,1,8,256,944,265,2896
4702921684,4,16,2016-04-16,Saturday,11140,9.03,9.03,0,0.24,1.25,7.54,0,3,24,335,556,362,3328
4702921684,4,17,2016-04-17,Sunday,12692,10.29,10.29,0,0.96,3.46,5.88,0,12,66,302,437,380,3394
4702921684,4,18,2016-04-18,Monday,9105,7.38,7.38,0,1.82,1.49,4.07,0,22,30,191,890,243,3013
4702921684,4,19,2016-04-19,Tuesday,6708,5.44,5.44,0,0.88,0.37,4.19,0,10,8,179,757,197,2812
4702921684,4,20,2016-04-20,Wednesday,8793,7.13,7.13,0,0.16,1.23,5.73,0,2,29,260,717,291,3061
4702921684,4,21,2016-04-21,Thursday,6530,5.3,5.3,0,0.31,2.05,2.94,0,4,41,144,901,189,2729
4702921684,4,22,2016-04-22,Friday,1664,1.35,1.35,0,0,0,1.35,0,0,0,72,1341,72,2241
4702921684,4,23,2016-04-23,Saturday,15126,12.27,12.27,0,0.76,3.24,8.27,0,9,66,408,469,483,3691
4702921684,4,24,2016-04-24,Sunday,15050,12.22,12.22,0,1.2,5.12,5.88,0,15,95,281,542,391,3538
4702921684,4,25,2016-04-25,Monday,9167,7.43,7.43,0,0.49,0.82,6.11,0,6,15,270,730,291,3064
4702921684,4,26,2016-04-26,Tuesday,6108,4.95,4.95,0,0.07,0.35,4.54,0,1,8,216,765,225,2784
4702921684,4,27,2016-04-27,Wednesday,7047,5.72,5.72,0,0.09,0.8,4.78,0,1,16,238,733,255,2908
4702921684,4,28,2016-04-28,Thursday,9023,7.32,7.32,0,1.13,0.42,5.77,0,14,9,232,738,255,3033
4702921684,4,29,2016-04-29,Friday,9930,8.05,8.05,0,1.06,0.92,6.07,0,12,19,267,692,298,3165
4702921684,4,30,2016-04-30,Saturday,10144,8.23,8.23,0,0.32,2.03,5.88,0,4,36,263,728,303,3115
4702921684,5,1,2016-05-01,Sunday,0,0,0,0,0,0,0,0,0,0,0,1440,0,2017
4702921684,5,2,2016-05-02,Monday,7245,5.92,5.92,0,0.38,1.74,3.76,0,5,40,195,1131,240,2859
4702921684,5,3,2016-05-03,Tuesday,9454,7.67,7.67,0,0,0,7.67,0,0,0,313,729,313,3145
4702921684,5,4,2016-05-04,Wednesday,8161,6.62,6.62,0,0.34,0.73,5.54,0,4,15,251,757,270,3004
4702921684,5,5,2016-05-05,Thursday,8614,6.99,6.99,0,0.67,0.22,6.09,0,8,5,241,745,254,3006
4702921684,5,6,2016-05-06,Friday,6943,5.63,5.63,0,0.08,0.66,4.87,0,1,16,207,682,224,2859
4702921684,5,7,2016-05-07,Saturday,14370,11.65,11.65,0,0.37,2.31,8.97,0,5,46,439,577,490,3683
4702921684,5,8,2016-05-08,Sunday,12857,10.43,10.43,0,0.68,6.21,3.54,0,9,125,192,1019,326,3287
4702921684,5,9,2016-05-09,Monday,8232,6.68,6.68,0,0,0.57,6.1,0,0,12,253,746,265,2990
4702921684,5,10,2016-05-10,Tuesday,10613,8.61,8.61,0,0.08,1.88,6.65,0,1,37,262,701,300,3172
4702921684,5,11,2016-05-11,Wednesday,9810,7.96,7.96,0,0.78,2.16,4.98,0,10,41,235,784,286,3069
4702921684,5,12,2016-05-12,Thursday,2752,2.23,2.23,0,0,0,2.23,0,0,0,68,241,68,1240
5553957443,4,12,2016-04-12,Tuesday,11596,7.57,7.57,0,1.37,0.79,5.41,0,19,13,277,767,309,2026
5553957443,4,13,2016-04-13,Wednesday,4832,3.16,3.16,0,0,0,3.16,0,0,0,226,647,226,1718
5553957443,4,14,2016-04-14,Thursday,17022,11.12,11.12,0,4,2.45,4.67,0,61,41,256,693,358,2324
5553957443,4,15,2016-04-15,Friday,16556,10.86,10.86,0,4.16,1.98,4.71,0,58,38,239,689,335,2254
5553957443,4,16,2016-04-16,Saturday,5771,3.77,3.77,0,0,0,3.77,0,0,0,288,521,288,1831
5553957443,4,17,2016-04-17,Sunday,655,0.43,0.43,0,0,0,0.43,0,0,0,46,943,46,1397
5553957443,4,18,2016-04-18,Monday,3727,2.43,2.43,0,0,0,2.43,0,0,0,206,622,206,1683
5553957443,4,19,2016-04-19,Tuesday,15482,10.11,10.11,0,4.28,1.66,4.18,0,69,28,249,756,346,2284
5553957443,4,20,2016-04-20,Wednesday,2713,1.77,1.77,0,0,0,1.77,0,0,0,148,598,148,1570
5553957443,4,21,2016-04-21,Thursday,12346,8.06,8.06,0,2.95,2.16,2.96,0,47,42,177,801,266,2066
5553957443,4,22,2016-04-22,Friday,11682,7.63,7.63,0,1.38,0.63,5.6,0,25,16,270,781,311,2105
5553957443,4,23,2016-04-23,Saturday,4112,2.69,2.69,0,0,0,2.68,0,0,0,272,443,272,1776
5553957443,4,24,2016-04-24,Sunday,1807,1.18,1.18,0,0,0,1.18,0,0,0,104,582,104,1507
5553957443,4,25,2016-04-25,Monday,10946,7.19,7.19,0,2.93,0.57,3.69,0,51,11,201,732,263,2033
5553957443,4,26,2016-04-26,Tuesday,11886,7.76,7.76,0,2.37,0.93,4.46,0,40,18,238,750,296,2093
5553957443,4,27,2016-04-27,Wednesday,10538,6.88,6.88,0,1.14,1,4.74,0,16,16,206,745,238,1922
5553957443,4,28,2016-04-28,Thursday,11393,7.63,7.63,0,3.71,0.75,3.17,0,49,13,165,727,227,1999
5553957443,4,29,2016-04-29,Friday,12764,8.33,8.33,0,2.79,0.64,4.91,0,46,15,270,709,331,2169
5553957443,4,30,2016-04-30,Saturday,1202,0.78,0.78,0,0,0,0.78,0,0,0,84,506,84,1463
5553957443,5,1,2016-05-01,Sunday,5164,3.37,3.37,0,0,0,3.37,0,0,0,237,436,237,1747
5553957443,5,2,2016-05-02,Monday,9769,6.38,6.38,0,1.06,0.41,4.9,0,23,9,227,724,259,1996
5553957443,5,3,2016-05-03,Tuesday,12848,8.39,8.39,0,1.5,1.2,5.68,0,26,29,247,812,302,2116
5553957443,5,4,2016-05-04,Wednesday,4249,2.77,2.77,0,0,0,2.77,0,0,0,224,651,224,1698
5553957443,5,5,2016-05-05,Thursday,14331,9.51,9.51,0,3.43,1.66,4.43,0,44,29,241,692,314,2156
5553957443,5,6,2016-05-06,Friday,9632,6.29,6.29,0,1.52,0.54,4.23,0,21,9,229,761,259,1916
5553957443,5,7,2016-05-07,Saturday,1868,1.22,1.22,0,0,0,1.22,0,0,0,96,902,96,1494
5553957443,5,8,2016-05-08,Sunday,6083,4,4,0,0.22,0.47,3.3,0,3,8,210,505,221,1762
5553957443,5,9,2016-05-09,Monday,11611,7.58,7.58,0,2.13,0.89,4.56,0,59,22,251,667,332,2272
5553957443,5,10,2016-05-10,Tuesday,16358,10.71,10.71,0,3.87,1.61,5.2,0,61,40,265,707,366,2335
5553957443,5,11,2016-05-11,Wednesday,4926,3.22,3.22,0,0,0,3.22,0,0,0,195,628,195,1693
5553957443,5,12,2016-05-12,Thursday,3121,2.04,2.04,0,0.58,0.4,1.06,0,8,6,48,222,62,741
5577150313,4,12,2016-04-12,Tuesday,8135,6.08,6.08,0,3.6,0.38,2.1,0,86,16,140,728,242,3405
5577150313,4,13,2016-04-13,Wednesday,5077,3.79,3.79,0,0.32,0.22,3.25,0,15,11,144,776,170,2551
5577150313,4,14,2016-04-14,Thursday,8596,6.42,6.42,0,3.33,0.31,2.78,0,118,30,176,662,324,4022
5577150313,4,15,2016-04-15,Friday,12087,9.08,9.08,0,3.92,1.6,3.56,0,115,54,199,695,368,4005
5577150313,4,16,2016-04-16,Saturday,14269,10.66,10.66,0,6.64,1.28,2.73,0,184,56,158,472,398,4274
5577150313,4,17,2016-04-17,Sunday,12231,9.14,9.14,0,5.98,0.83,2.32,0,200,37,159,525,396,4552
5577150313,4,18,2016-04-18,Monday,9893,7.39,7.39,0,4.86,0.72,1.82,0,114,32,130,623,276,3625
5577150313,4,19,2016-04-19,Tuesday,12574,9.42,9.42,0,7.02,0.64,1.76,0,108,23,111,733,242,3501
5577150313,4,20,2016-04-20,Wednesday,8330,6.22,6.22,0,4.12,0.34,1.76,0,87,16,113,773,216,3192
5577150313,4,21,2016-04-21,Thursday,10830,8.09,8.09,0,3.65,1.66,2.78,0,110,74,175,670,359,4018
5577150313,4,22,2016-04-22,Friday,9172,6.85,6.85,0,2.42,0.79,3.3,0,62,30,200,823,292,3329
5577150313,4,23,2016-04-23,Saturday,7638,5.71,5.71,0,1.21,0.36,4.14,0,24,24,223,627,271,3152
5577150313,4,24,2016-04-24,Sunday,15764,11.78,11.78,0,7.65,2.15,1.98,0,210,65,141,425,416,4392
5577150313,4,25,2016-04-25,Monday,6393,4.78,4.78,0,1.35,0.67,2.76,0,61,38,214,743,313,3374
5577150313,4,26,2016-04-26,Tuesday,5325,3.98,3.98,0,0.85,0.65,2.47,0,38,32,181,759,251,3088
5577150313,4,27,2016-04-27,Wednesday,6805,5.14,5.14,0,1.81,0.4,2.93,0,63,16,190,773,269,3294
5577150313,4,28,2016-04-28,Thursday,9841,7.43,7.43,0,3.25,1.17,3.01,0,99,51,141,692,291,3580
5577150313,4,29,2016-04-29,Friday,7924,5.92,5.92,0,2.84,0.61,2.47,0,97,36,165,739,298,3544
5577150313,4,30,2016-04-30,Saturday,12363,9.24,9.24,0,5.83,0.79,2.61,0,207,45,163,621,415,4501
5577150313,5,1,2016-05-01,Sunday,13368,9.99,9.99,0,5.31,1.44,3.24,0,194,72,178,499,444,4546
5577150313,5,2,2016-05-02,Monday,7439,5.56,5.56,0,1.12,0.35,4.07,0,37,20,235,732,292,3014
5577150313,5,3,2016-05-03,Tuesday,11045,8.25,8.25,0,4.52,0.15,3.57,0,97,8,212,580,317,3795
5577150313,5,4,2016-05-04,Wednesday,5206,3.89,3.89,0,1.56,0.25,2.08,0,25,9,141,631,175,2755
5577150313,5,5,2016-05-05,Thursday,7550,5.64,5.64,0,2.5,0.47,2.67,0,45,21,143,1153,209,3004
5577150313,5,6,2016-05-06,Friday,4950,3.7,3.7,0,1.93,0.32,1.45,0,41,16,79,1304,136,2643
5577150313,5,7,2016-05-07,Saturday,0,0,0,0,0,0,0,0,0,0,0,1440,0,1819
5577150313,5,8,2016-05-08,Sunday,0,0,0,0,0,0,0,0,0,0,0,1440,0,1819
5577150313,5,9,2016-05-09,Monday,3421,2.56,2.56,0,1.43,0.14,0.99,0,34,11,70,1099,115,2489
5577150313,5,10,2016-05-10,Tuesday,8869,6.65,6.65,0,2.56,0.75,3.35,0,104,37,194,639,335,3841
5577150313,5,11,2016-05-11,Wednesday,4038,3.04,3.04,0,1.83,0.3,0.89,0,45,15,63,257,123,1665
6117666160,4,12,2016-04-12,Tuesday,0,0,0,0,0,0,0,0,0,0,0,1440,0,1496
6117666160,4,13,2016-04-13,Wednesday,0,0,0,0,0,0,0,0,0,0,0,1440,0,1496
6117666160,4,14,2016-04-14,Thursday,0,0,0,0,0,0,0,0,0,0,0,1440,0,1496
6117666160,4,15,2016-04-15,Friday,14019,10.59,10.59,0,0,0.28,10.3,0,0,6,513,921,519,2865
6117666160,4,16,2016-04-16,Saturday,14450,10.91,10.91,0,0.58,0.85,9.48,0,7,15,518,502,540,2828
6117666160,4,17,2016-04-17,Sunday,7150,5.4,5.4,0,0,0,5.4,0,0,0,312,702,312,2225
6117666160,4,18,2016-04-18,Monday,5153,3.91,3.91,0,0,0,3.89,0,0,0,241,759,241,2018
6117666160,4,19,2016-04-19,Tuesday,11135,8.41,8.41,0,0,0,8.41,0,0,0,480,425,480,2606
6117666160,4,20,2016-04-20,Wednesday,10449,8.02,8.02,0,2.03,0.48,5.52,0,26,10,349,587,385,2536
6117666160,4,21,2016-04-21,Thursday,19542,15.01,15.01,0,0.98,0.4,5.62,0,11,19,294,579,324,4900
6117666160,4,22,2016-04-22,Friday,8206,6.2,6.2,0,0,0,6.2,0,0,0,402,413,402,2409
6117666160,4,23,2016-04-23,Saturday,11495,8.68,8.68,0,0,0,8.68,0,0,0,512,468,512,2651
6117666160,4,24,2016-04-24,Sunday,7623,5.76,5.76,0,0,0,5.76,0,0,0,362,711,362,2305
6117666160,4,25,2016-04-25,Monday,0,0,0,0,0,0,0,0,0,0,0,1440,0,1497
6117666160,4,26,2016-04-26,Tuesday,9543,7.21,7.21,0,0,0.34,6.87,0,0,7,352,1077,359,2450
6117666160,4,27,2016-04-27,Wednesday,9411,7.11,7.11,0,0,0,7.11,0,0,0,458,417,458,2576
6117666160,4,28,2016-04-28,Thursday,3403,2.6,2.6,0,0,0,2.6,0,0,0,141,758,141,1879
6117666160,4,29,2016-04-29,Friday,9592,7.24,7.24,0,0,0,7.24,0,0,0,461,479,461,2560
6117666160,4,30,2016-04-30,Saturday,6987,5.28,5.28,0,0,0,5.28,0,0,0,343,1040,343,2275
6117666160,5,1,2016-05-01,Sunday,8915,6.73,6.73,0,0,0,6.73,0,0,0,397,525,397,2361
6117666160,5,2,2016-05-02,Monday,4933,3.73,3.73,0,0,0,3.73,0,0,0,236,1204,236,2044
6117666160,5,3,2016-05-03,Tuesday,0,0,0,0,0,0,0,0,0,0,0,1440,0,1496
6117666160,5,4,2016-05-04,Wednesday,2997,2.26,2.26,0,0,0,2.26,0,0,0,156,1279,156,1902
6117666160,5,5,2016-05-05,Thursday,9799,7.4,7.4,0,0,0,7.4,0,0,0,487,479,487,2636
6117666160,5,6,2016-05-06,Friday,3365,2.68,2.68,0,0,0,2.68,0,0,0,133,673,133,1838
6117666160,5,7,2016-05-07,Saturday,7336,5.54,5.54,0,0,0,5.54,0,0,0,412,456,412,2469
6117666160,5,8,2016-05-08,Sunday,7328,5.53,5.53,0,0,0,5.53,0,0,0,318,517,318,2250
6117666160,5,9,2016-05-09,Monday,4477,3.38,3.38,0,0,0,3.38,0,0,0,197,125,197,1248
6290855005,4,12,2016-04-12,Tuesday,4562,3.45,3.45,0,0,0,3.45,0,0,0,199,1241,199,2560
6290855005,4,13,2016-04-13,Wednesday,7142,5.4,5.4,0,0,0,5.39,0.01,0,0,350,1090,350,2905
6290855005,4,14,2016-04-14,Thursday,7671,5.8,5.8,0,0,0,5.77,0.03,0,0,363,1077,363,2952
6290855005,4,15,2016-04-15,Friday,9501,7.18,7.18,0,0,0,7.17,0.01,0,0,328,1112,328,2896
6290855005,4,16,2016-04-16,Saturday,8301,6.28,6.28,0,0,0,6.27,0.01,0,0,258,1182,258,2783
6290855005,4,17,2016-04-17,Sunday,7851,5.94,5.94,0,1.14,0.79,4,0,31,12,225,1172,268,3171
6290855005,4,18,2016-04-18,Monday,6885,5.21,5.21,0,0,0,5.19,0.02,0,0,271,1169,271,2766
6290855005,4,19,2016-04-19,Tuesday,7142,5.4,5.4,0,0,0,5.39,0.01,0,0,321,1119,321,2839
6290855005,4,20,2016-04-20,Wednesday,6361,4.81,4.81,0,0,0,4.8,0.01,0,0,258,1182,258,2701
6290855005,4,21,2016-04-21,Thursday,0,0,0,0,0,0,0,0,0,0,0,1440,0,2060
6290855005,4,22,2016-04-22,Friday,6238,4.72,4.72,0,0,0,4.72,0,0,0,302,1138,302,2796
6290855005,4,23,2016-04-23,Saturday,0,0,0,0,0,0,0,0,33,0,0,1407,33,2664
6290855005,4,24,2016-04-24,Sunday,5896,4.46,4.46,0,0,0,4.46,0,0,0,258,1182,258,2703
6290855005,4,25,2016-04-25,Monday,7802,5.9,5.9,0,0.68,0.18,5.03,0.01,8,3,249,1180,260,2771
6290855005,4,26,2016-04-26,Tuesday,0,0,0,0,0,0,0,0,0,0,0,1440,0,2060
6290855005,4,27,2016-04-27,Wednesday,5565,4.21,4.21,0,0,0,4.18,0.03,0,0,287,1153,287,2743
6290855005,4,28,2016-04-28,Thursday,5731,4.33,4.33,0,0,0,4.33,0,0,0,255,1185,255,2687
6290855005,4,29,2016-04-29,Friday,0,0,0,0,0,0,0,0,0,0,0,1440,0,2060
6290855005,4,30,2016-04-30,Saturday,6744,5.1,5.1,0,0,0,5.09,0.01,0,0,324,1116,324,2843
6290855005,5,1,2016-05-01,Sunday,9837,7.44,7.44,0,0.66,2.75,4,0.02,8,95,282,1055,385,3327
6290855005,5,2,2016-05-02,Monday,6781,5.13,5.13,0,0,0,5.11,0.02,0,0,268,1172,268,2725
6290855005,5,3,2016-05-03,Tuesday,6047,4.57,4.57,0,0,0,4.57,0,0,0,240,1200,240,2671
6290855005,5,4,2016-05-04,Wednesday,5832,4.41,4.41,0,0,0,4.4,0.01,0,0,272,1168,272,2718
6290855005,5,5,2016-05-05,Thursday,6339,4.79,4.79,0,0,0,4.79,0,0,0,239,1201,239,2682
6290855005,5,6,2016-05-06,Friday,6116,4.62,4.62,0,0,0,4.59,0.03,0,0,305,1135,305,2806
6290855005,5,7,2016-05-07,Saturday,5510,4.17,4.17,0,0,0,4.16,0,0,0,227,1213,227,2613
6290855005,5,8,2016-05-08,Sunday,7706,5.83,5.83,0,0,0,5.82,0,0,0,251,1189,251,2712
6290855005,5,9,2016-05-09,Monday,6277,4.75,4.75,0,0,0,4.73,0.02,0,0,264,800,264,2175
6290855005,5,10,2016-05-10,Tuesday,0,0,0,0,0,0,0,0,0,0,0,1440,0,0
6775888955,4,12,2016-04-12,Tuesday,0,0,0,0,0,0,0,0,0,0,0,1440,0,1841
6775888955,4,13,2016-04-13,Wednesday,4053,2.91,2.91,0,1.11,0.58,1.22,0,17,18,85,1053,120,2400
6775888955,4,14,2016-04-14,Thursday,5162,3.7,3.7,0,0.87,0.86,1.97,0,14,24,105,863,143,2507
6775888955,4,15,2016-04-15,Friday,1282,0.92,0.92,0,0,0,0.92,0,0,0,58,976,58,2127
6775888955,4,16,2016-04-16,Saturday,4732,3.39,3.39,0,2.52,0.81,0.06,0,36,18,9,1377,63,2225
6775888955,4,17,2016-04-17,Sunday,2497,1.79,1.79,0,0.35,1.13,0.31,0,5,24,19,1392,48,2067
6775888955,4,18,2016-04-18,Monday,8294,5.95,5.95,0,2,0.77,3.17,0,30,31,146,1233,207,2798
6775888955,4,19,2016-04-19,Tuesday,0,0,0,0,0,0,0,0,0,0,0,1440,0,1841
6775888955,4,20,2016-04-20,Wednesday,10771,7.72,7.72,0,3.77,1.74,2.22,0,70,113,178,1079,361,3727
6775888955,4,21,2016-04-21,Thursday,0,0,0,0,0,0,0,0,0,0,0,1440,0,1841
6775888955,4,22,2016-04-22,Friday,637,0.46,0.46,0,0,0,0.46,0,0,0,20,1420,20,1922
6775888955,4,23,2016-04-23,Saturday,0,0,0,0,0,0,0,0,0,0,0,1440,0,1841
6775888955,4,24,2016-04-24,Sunday,2153,1.54,1.54,0,0.77,0.62,0.15,0,11,18,11,1400,40,2053
6775888955,4,25,2016-04-25,Monday,6474,4.64,4.64,0,2.27,0.46,1.9,0,33,13,92,1302,138,2484
6775888955,4,26,2016-04-26,Tuesday,7091,5.27,5.27,1.96,3.48,0.87,0.73,0,42,30,47,1321,119,2584
6775888955,4,27,2016-04-27,Wednesday,0,0,0,0,0,0,0,0,0,0,0,1440,0,1841
6775888955,4,28,2016-04-28,Thursday,703,0.5,0.5,0,0.06,0.2,0.24,0,2,13,15,1410,30,1993
6775888955,4,29,2016-04-29,Friday,0,0,0,0,0,0,0,0,0,0,0,1440,0,1841
6775888955,4,30,2016-04-30,Saturday,2503,1.79,1.79,0,0.16,0.16,1.48,0,3,9,84,1344,96,2280
6775888955,5,1,2016-05-01,Sunday,2487,1.78,1.78,0,0.48,0.62,0.68,0,9,34,50,1347,93,2319
6775888955,5,2,2016-05-02,Monday,0,0,0,0,0,0,0,0,0,0,0,1440,0,1841
6775888955,5,3,2016-05-03,Tuesday,9,0.01,0.01,0,0,0,0.01,0,0,0,1,1439,1,1843
6775888955,5,4,2016-05-04,Wednesday,0,0,0,0,0,0,0,0,0,0,0,1440,0,1841
6775888955,5,5,2016-05-05,Thursday,0,0,0,0,0,0,0,0,0,0,0,1440,0,1841
6775888955,5,6,2016-05-06,Friday,4697,3.37,3.37,0,0.47,0.93,1.93,0,12,35,75,1318,122,2496
6775888955,5,7,2016-05-07,Saturday,1967,1.41,1.41,0,0.13,0.24,1.05,0,2,5,49,551,56,1032
6962181067,4,12,2016-04-12,Tuesday,10199,6.74,6.74,0,3.4,0.83,2.51,0,50,14,189,796,253,1994
6962181067,4,13,2016-04-13,Wednesday,5652,3.74,3.74,0,0.57,1.21,1.96,0,8,24,142,548,174,1718
6962181067,4,14,2016-04-14,Thursday,1551,1.03,1.03,0,0,0,1.03,0,0,0,86,862,86,1466
6962181067,4,15,2016-04-15,Friday,5563,3.68,3.68,0,0,0,3.68,0,0,0,217,837,217,1756
6962181067,4,16,2016-04-16,Saturday,13217,8.74,8.74,0,3.66,0.19,4.88,0,50,3,280,741,333,2173
6962181067,4,17,2016-04-17,Sunday,10145,6.71,6.71,0,0.33,0.68,5.69,0,5,13,295,634,313,2027
6962181067,4,18,2016-04-18,Monday,11404,7.54,7.54,0,0.83,2.39,4.32,0,13,42,238,689,293,2039
6962181067,4,19,2016-04-19,Tuesday,10742,7.1,7.1,0,2.1,2.13,2.87,0,35,41,195,659,271,2046
6962181067,4,20,2016-04-20,Wednesday,13928,9.55,9.55,0,4.28,0.19,5.09,0,48,4,297,639,349,2174
6962181067,4,21,2016-04-21,Thursday,11835,9.71,7.88,4.08,3.99,2.1,3.51,0.11,53,27,214,708,294,2179
6962181067,4,22,2016-04-22,Friday,10725,7.09,7.09,0,1.77,1.55,3.77,0,30,33,240,659,303,2086
6962181067,4,23,2016-04-23,Saturday,20031,13.24,13.24,0,4.2,2,7.04,0,58,41,347,484,446,2571
6962181067,4,24,2016-04-24,Sunday,5029,3.32,3.32,0,0,0,3.32,0,0,0,199,720,199,1705
6962181067,4,25,2016-04-25,Monday,13239,9.27,9.08,2.79,3.02,1.68,4.46,0.1,35,31,282,637,348,2194
6962181067,4,26,2016-04-26,Tuesday,10433,6.9,6.9,0,2.58,0.42,3.9,0,36,7,254,680,297,2012
6962181067,4,27,2016-04-27,Wednesday,10320,6.82,6.82,0,0.55,2.02,4.25,0,7,38,279,697,324,2034
6962181067,4,28,2016-04-28,Thursday,12627,8.35,8.35,0,2.51,0.24,5.59,0,38,8,288,621,334,2182
6962181067,4,29,2016-04-29,Friday,10762,7.11,7.11,0,0.82,0.48,5.81,0,12,15,369,645,396,2254
6962181067,4,30,2016-04-30,Saturday,10081,6.66,6.66,0,2.24,0.76,3.67,0,32,16,237,731,285,2002
6962181067,5,1,2016-05-01,Sunday,5454,3.61,3.61,0,0,0,3.61,0,0,0,215,722,215,1740
6962181067,5,2,2016-05-02,Monday,12912,8.54,8.54,0,1.2,2,5.34,0,18,39,313,655,370,2162
6962181067,5,3,2016-05-03,Tuesday,12109,8.12,8.12,0,1.74,2.04,4.33,0,21,36,267,654,324,2072
6962181067,5,4,2016-05-04,Wednesday,10147,6.71,6.71,0,0.47,1.68,4.55,0,15,36,284,683,335,2086
6962181067,5,5,2016-05-05,Thursday,10524,6.96,6.96,0,0.99,1.16,4.81,0,14,22,305,591,341,2066
6962181067,5,6,2016-05-06,Friday,5908,3.91,3.91,0,0,0,3.91,0,0,0,299,717,299,1850
6962181067,5,7,2016-05-07,Saturday,6815,4.5,4.5,0,0,0,4.5,0,0,0,328,745,328,1947
6962181067,5,8,2016-05-08,Sunday,4188,2.77,2.77,0,0,0.52,2.25,0,0,14,151,709,165,1659
6962181067,5,9,2016-05-09,Monday,12342,8.72,8.68,3.17,3.9,1.18,3.65,0,43,21,231,607,295,2105
6962181067,5,10,2016-05-10,Tuesday,15448,10.21,10.21,0,3.47,1.75,4.99,0,62,34,275,626,371,2361
6962181067,5,11,2016-05-11,Wednesday,6722,4.44,4.44,0,1.49,0.31,2.65,0,24,7,199,709,230,1855
6962181067,5,12,2016-05-12,Thursday,3587,2.37,2.37,0,0,0.25,2.11,0,0,8,105,127,113,928
7007744171,4,12,2016-04-12,Tuesday,14172,10.29,9.48,4.87,4.5,0.38,5.41,0,53,8,355,1024,416,2937
7007744171,4,13,2016-04-13,Wednesday,12862,9.65,8.6,4.85,4.61,0.56,4.48,0,56,22,261,1101,339,2742
7007744171,4,14,2016-04-14,Thursday,11179,8.24,7.48,3.29,2.95,0.34,4.96,0,34,6,304,1096,344,2668
7007744171,4,15,2016-04-15,Friday,5273,3.53,3.53,0,0,0,3.53,0,0,0,202,1238,202,2098
7007744171,4,16,2016-04-16,Saturday,4631,3.1,3.1,0,0,0,3.1,0,0,0,203,1155,203,2076
7007744171,4,17,2016-04-17,Sunday,8059,5.39,5.39,0,0,0,5.39,0,0,0,305,1135,305,2383
7007744171,4,18,2016-04-18,Monday,14816,10.98,9.91,4.93,3.79,2.12,5.05,0.02,48,31,284,1077,363,2832
7007744171,4,19,2016-04-19,Tuesday,14194,10.48,9.5,4.94,4.41,0.76,5.31,0,53,17,304,1066,374,2812
7007744171,4,20,2016-04-20,Wednesday,15566,11.31,10.41,4.92,4.79,0.67,5.86,0,60,33,347,1000,440,3096
7007744171,4,21,2016-04-21,Thursday,13744,9.19,9.19,0,2.15,1.87,5.17,0,30,34,327,1049,391,2763
7007744171,4,22,2016-04-22,Friday,15299,10.24,10.24,0,4.1,1.76,4.37,0,64,50,261,1065,375,2889
7007744171,4,23,2016-04-23,Saturday,8093,5.41,5.41,0,0.13,1.13,4.15,0,2,25,223,1190,250,2284
7007744171,4,24,2016-04-24,Sunday,11085,7.42,7.42,0,0,0,7.42,0,0,0,419,1021,419,2667
7007744171,4,25,2016-04-25,Monday,18229,13.34,12.2,4.86,4.31,1.37,7.67,0,51,24,379,986,454,3055
7007744171,4,26,2016-04-26,Tuesday,15090,10.1,10.1,0,0.93,0.94,8.23,0,16,22,424,978,462,2939
7007744171,4,27,2016-04-27,Wednesday,13541,10.22,9.06,4.89,4.27,0.66,5.29,0,50,12,337,1041,399,2830
7007744171,4,28,2016-04-28,Thursday,15128,10.12,10.12,0,1.09,0.77,8.26,0,16,16,401,1007,433,2836
7007744171,4,29,2016-04-29,Friday,20067,14.3,13.42,4.91,4.31,2.05,7.95,0,55,42,382,961,479,3180
7007744171,4,30,2016-04-30,Saturday,3761,2.52,2.52,0,0,0,2.52,0,0,0,200,1240,200,2051
7007744171,5,1,2016-05-01,Sunday,5600,3.75,3.75,0,0,0,3.75,0,0,0,237,1142,237,2225
7007744171,5,2,2016-05-02,Monday,13041,9.18,8.72,2.83,4.64,0.7,3.83,0,64,14,250,1112,328,2642
7007744171,5,3,2016-05-03,Tuesday,14510,10.87,9.71,4.91,4.48,1.02,5.36,0,58,31,330,1021,419,2976
7007744171,5,4,2016-05-04,Wednesday,0,0,0,0,0,0,0,0,0,0,0,1440,0,1557
7007744171,5,5,2016-05-05,Thursday,15010,11.1,10.04,4.88,4.33,1.29,5.48,0,53,23,317,1047,393,2933
7007744171,5,6,2016-05-06,Friday,11459,7.67,7.67,0,3,0.81,3.86,0,44,13,247,1136,304,2553
7007744171,5,7,2016-05-07,Saturday,0,0,0,0,0,0,0,0,0,0,0,111,0,120
7086361926,4,12,2016-04-12,Tuesday,11317,8.41,8.41,0,5.27,0.15,2.97,0,59,6,153,745,218,2772
7086361926,4,13,2016-04-13,Wednesday,5813,3.62,3.62,0,0.56,0.21,2.84,0,31,26,155,744,212,2516
7086361926,4,14,2016-04-14,Thursday,9123,6.12,6.12,0,2.03,0.33,3.66,0,35,32,189,787,256,2734
7086361926,4,15,2016-04-15,Friday,8585,5.67,5.67,0,2.04,1.11,2.53,0,30,21,139,864,190,2395
7086361926,4,16,2016-04-16,Saturday,31,0.01,0.01,0,0,0,0.01,0,0,0,3,1437,3,1635
7086361926,4,17,2016-04-17,Sunday,0,0,0,0,0,0,0,0,0,0,0,1440,0,1629
7086361926,4,18,2016-04-18,Monday,9827,6.71,6.71,0,3.17,1.22,2.31,0,61,51,114,1136,226,2743
7086361926,4,19,2016-04-19,Tuesday,10688,7.29,7.29,0,3.53,1.23,2.51,0,67,69,124,671,260,2944
7086361926,4,20,2016-04-20,Wednesday,14365,10.64,10.64,0,7.64,0.45,2.54,0,87,13,145,797,245,2997
7086361926,4,21,2016-04-21,Thursday,9469,6.18,6.18,0,1.36,0.3,4.51,0,19,6,206,758,231,2463
7086361926,4,22,2016-04-22,Friday,9753,6.53,6.53,0,2.87,0.97,2.67,0,58,59,153,762,270,2846
7086361926,4,23,2016-04-23,Saturday,2817,1.81,1.81,0,0,0,1.8,0,0,0,90,1350,90,1965
7086361926,4,24,2016-04-24,Sunday,3520,2.16,2.16,0,0,0,2.15,0,0,0,125,566,125,2049
7086361926,4,25,2016-04-25,Monday,10091,6.82,6.82,0,3.75,0.7,2.37,0,69,39,129,706,237,2752
7086361926,4,26,2016-04-26,Tuesday,10387,7.07,7.07,0,4.16,0.77,2.12,0,70,33,132,726,235,2781
7086361926,4,27,2016-04-27,Wednesday,11107,8.34,8.34,0,5.63,0.18,2.53,0,55,6,145,829,206,2693
7086361926,4,28,2016-04-28,Thursday,11584,7.8,7.8,0,2.79,1.64,3.36,0,54,48,161,810,263,2862
7086361926,4,29,2016-04-29,Friday,7881,4.95,4.95,0,0.49,0.45,4,0,24,36,182,1198,242,2616
7086361926,4,30,2016-04-30,Saturday,14560,9.41,9.41,0,3.12,1.04,5.24,0,42,17,308,584,367,2995
7086361926,5,1,2016-05-01,Sunday,12390,8.07,8.07,0,2.3,0.9,4.85,0,30,15,258,685,303,2730
7086361926,5,2,2016-05-02,Monday,10052,6.81,6.81,0,3.48,0.66,2.66,0,66,26,139,737,231,2754
7086361926,5,3,2016-05-03,Tuesday,10288,6.76,6.76,0,2.74,0.85,3.16,0,57,36,152,761,245,2754
7086361926,5,4,2016-05-04,Wednesday,10988,8.31,8.31,0,5.28,0.12,2.9,0,45,12,135,843,192,2655
7086361926,5,5,2016-05-05,Thursday,8564,5.6,5.6,0,1.78,0.83,2.95,0,24,14,149,1253,187,2386
7086361926,5,6,2016-05-06,Friday,12461,8.38,8.38,0,3.82,1.43,3.12,0,84,35,154,834,273,2924
7086361926,5,7,2016-05-07,Saturday,12827,8.48,8.48,0,1.46,2.33,4.68,0,20,42,209,621,271,2739
7086361926,5,8,2016-05-08,Sunday,10677,7.1,7.1,0,2.31,1.53,3.25,0,32,27,147,695,206,2534
7086361926,5,9,2016-05-09,Monday,13566,9.11,9.11,0,4.26,1.71,3.12,0,67,50,171,743,288,2960
7086361926,5,10,2016-05-10,Tuesday,14433,10.79,10.79,0,7.11,1.2,2.45,0,72,23,106,1182,201,2800
7086361926,5,11,2016-05-11,Wednesday,9572,6.52,6.52,0,2.89,1.39,2.23,0,57,40,128,757,225,2735
7086361926,5,12,2016-05-12,Thursday,3789,2.56,2.56,0,0.38,0.27,1.89,0,5,4,58,343,67,1199
8053475328,4,12,2016-04-12,Tuesday,18060,14.12,14.12,0,11.64,0.39,2.1,0,116,8,123,1193,247,3186
8053475328,4,13,2016-04-13,Wednesday,16433,13.35,13.35,0,10.43,0.47,2.45,0,95,12,156,1177,263,3140
8053475328,4,14,2016-04-14,Thursday,20159,15.97,15.97,0,12.34,0.21,3.36,0,119,5,193,1123,317,3411
8053475328,4,15,2016-04-15,Friday,20669,16.24,16.24,0,13.26,0.39,2.59,0,132,8,158,1142,298,3410
8053475328,4,16,2016-04-16,Saturday,14549,11.11,11.11,0,9.36,0.27,1.49,0,96,6,83,1255,185,2867
8053475328,4,17,2016-04-17,Sunday,18827,13.69,13.69,0,9.24,0.8,3.64,0,111,21,195,1113,327,3213
8053475328,4,18,2016-04-18,Monday,17076,12.66,12.66,0,9.08,0.23,3.35,0,102,6,195,1137,303,3133
8053475328,4,19,2016-04-19,Tuesday,15929,12.48,12.48,0,9.22,0.31,2.95,0,90,7,191,1152,288,3114
8053475328,4,20,2016-04-20,Wednesday,15108,12.19,12.19,0,9.58,0.23,2.38,0,89,5,158,695,252,3043
8053475328,4,21,2016-04-21,Thursday,16057,12.51,12.51,0,9.67,0.25,2.58,0,100,6,170,1164,276,3103
8053475328,4,22,2016-04-22,Friday,10520,8.29,8.29,0,6.26,0.15,1.88,0,60,3,117,1260,180,2655
8053475328,4,23,2016-04-23,Saturday,22359,17.19,17.19,0,12.54,0.63,4.02,0,125,14,223,741,362,3554
8053475328,4,24,2016-04-24,Sunday,22988,17.95,17.95,0,13.13,1.55,3.26,0,129,33,182,1096,344,3577
8053475328,4,25,2016-04-25,Monday,20500,15.69,15.69,0,11.37,0.46,3.86,0,118,9,209,1104,336,3403
8053475328,4,26,2016-04-26,Tuesday,12685,9.62,9.62,0,6.31,0.2,3.1,0,68,5,185,1182,258,2846
8053475328,4,27,2016-04-27,Wednesday,12422,9.82,9.82,0,6.46,0.43,2.93,0,60,10,183,1187,253,2852
8053475328,4,28,2016-04-28,Thursday,15447,12.4,12.4,0,9.67,0.39,2.35,0,90,9,153,1188,252,3062
8053475328,4,29,2016-04-29,Friday,12315,9.65,9.65,0,6.17,0.31,3.17,0,58,8,159,1215,225,2794
8053475328,4,30,2016-04-30,Saturday,7135,5.59,5.59,0,2.99,0.06,2.54,0,27,1,131,1281,159,2408
8053475328,5,1,2016-05-01,Sunday,1170,0.85,0.85,0,0,0,0.85,0,0,0,51,1389,51,1886
8053475328,5,2,2016-05-02,Monday,1969,1.43,1.43,0,0,0,1.43,0,0,0,95,1345,95,1988
8053475328,5,3,2016-05-03,Tuesday,15484,11.9,11.9,0,8.39,0.93,2.59,0,87,22,165,1166,274,3023
8053475328,5,4,2016-05-04,Wednesday,14581,11.15,11.15,0,8.82,0.4,1.91,0,89,8,123,1220,220,2918
8053475328,5,5,2016-05-05,Thursday,14990,11.51,11.51,0,8.85,0.45,2.21,0,93,9,130,1208,232,2950
8053475328,5,6,2016-05-06,Friday,13953,11,11,0,9.1,0.69,1.21,0,90,15,90,1245,195,2859
8053475328,5,7,2016-05-07,Saturday,19769,15.67,15.67,0,12.44,0.88,2.35,0,121,20,148,1076,289,3331
8053475328,5,8,2016-05-08,Sunday,22026,17.65,17.65,0,13.4,0.59,3.66,0,125,14,228,1073,367,3589
8053475328,5,9,2016-05-09,Monday,12465,9.38,9.38,0,6.12,0.57,2.69,0,66,12,148,1214,226,2765
8053475328,5,10,2016-05-10,Tuesday,14810,11.36,11.36,0,9.09,0.42,1.85,0,96,10,115,1219,221,2926
8053475328,5,11,2016-05-11,Wednesday,12209,9.4,9.4,0,6.08,0.28,3.04,0,60,7,184,1189,251,2809
8053475328,5,12,2016-05-12,Thursday,4998,3.91,3.91,0,2.95,0.2,0.76,0,28,4,39,839,71,1505
8253242879,4,12,2016-04-12,Tuesday,9033,7.16,7.16,0,5.43,0.14,1.59,0,40,2,154,1244,196,2044
8253242879,4,13,2016-04-13,Wednesday,8053,6.1,6.1,0,4.17,0.63,1.31,0,35,11,96,1298,142,1935
8253242879,4,14,2016-04-14,Thursday,5234,3.46,3.46,0,1.93,0.99,0.54,0,29,16,33,1362,78,1705
8253242879,4,15,2016-04-15,Friday,2672,1.77,1.77,0,0,0,1.76,0,0,0,105,1335,105,1632
8253242879,4,16,2016-04-16,Saturday,9256,6.14,6.14,0,0.43,3.27,2.45,0,6,51,115,1268,172,1880
8253242879,4,17,2016-04-17,Sunday,10204,7.91,7.91,0,5.43,0.15,2.33,0,41,5,157,1237,203,2112
8253242879,4,18,2016-04-18,Monday,5151,3.48,3.48,0,1.04,0.63,1.8,0,16,16,130,1278,162,1829
8253242879,4,19,2016-04-19,Tuesday,4212,2.78,2.78,0,0,0,2.78,0,0,0,164,1276,164,1763
8253242879,4,20,2016-04-20,Wednesday,6466,4.27,4.27,0,0.33,0.82,3.11,0.01,5,18,216,1201,239,1931
8253242879,4,21,2016-04-21,Thursday,11268,8.56,8.56,0,5.88,0.93,1.75,0,49,20,172,1199,241,2218
8253242879,4,22,2016-04-22,Friday,2824,1.87,1.87,0,0,0,1.87,0,0,0,120,1320,120,1651
8253242879,4,23,2016-04-23,Saturday,9282,6.26,6.26,0,2.09,1.04,3.13,0,30,26,191,1193,247,2132
8253242879,4,24,2016-04-24,Sunday,8905,7.13,7.13,0,5.6,0.19,1.34,0,41,4,82,1313,127,1976
8253242879,4,25,2016-04-25,Monday,6829,4.51,4.51,0,0.36,2.39,1.77,0,7,54,118,1261,179,1909
8253242879,4,26,2016-04-26,Tuesday,4562,3.04,3.04,0,1.18,0.49,1.37,0,19,14,108,1299,141,1813
8253242879,4,27,2016-04-27,Wednesday,10232,8.18,8.18,0,6.24,0.23,1.7,0,45,5,104,1286,154,2008
8253242879,4,28,2016-04-28,Thursday,2718,1.8,1.8,0,0.67,0.78,0.34,0,11,16,20,1393,47,1580
8253242879,4,29,2016-04-29,Friday,6260,4.26,4.26,0,1.29,0.54,2.4,0,16,14,136,1257,166,1854
8253242879,4,30,2016-04-30,Saturday,0,0,0,0,0,0,0,0,0,0,0,1440,0,0
8378563200,4,12,2016-04-12,Tuesday,7626,6.05,6.05,2.25,0.83,0.71,4.5,0,65,15,156,723,236,3635
8378563200,4,13,2016-04-13,Wednesday,12386,9.82,9.82,2.09,4.96,0.65,4.21,0,116,14,169,680,299,4079
8378563200,4,14,2016-04-14,Thursday,13318,10.56,10.56,2.25,5.62,1.03,3.91,0,123,21,174,699,318,4163
8378563200,4,15,2016-04-15,Friday,14461,11.47,11.47,0,4.91,1.15,5.41,0,60,23,190,729,273,3666
8378563200,4,16,2016-04-16,Saturday,11207,8.89,8.89,0,5.37,1.07,2.44,0,64,21,142,563,227,3363
8378563200,4,17,2016-04-17,Sunday,2132,1.69,1.69,0,0,0,1.69,0,0,0,93,599,93,2572
8378563200,4,18,2016-04-18,Monday,13630,10.81,10.81,2.09,5.05,0.56,5.2,0,117,10,174,720,301,4157
8378563200,4,19,2016-04-19,Tuesday,13070,10.36,10.36,2.25,5.3,0.88,4.18,0,120,19,154,737,293,4092
8378563200,4,20,2016-04-20,Wednesday,9388,7.44,7.44,2.09,2.23,0.44,4.78,0,82,8,169,763,259,3787
8378563200,4,21,2016-04-21,Thursday,15148,12.01,12.01,2.25,6.9,0.82,4.29,0,137,16,145,677,298,4236
8378563200,4,22,2016-04-22,Friday,12200,9.67,9.67,2.09,4.91,0.59,4.18,0,113,12,159,769,284,4044
8378563200,4,23,2016-04-23,Saturday,5709,4.53,4.53,0,1.52,0.52,2.48,0,19,10,136,740,165,2908
8378563200,4,24,2016-04-24,Sunday,3703,2.94,2.94,0,0,0,2.94,0,0,0,135,734,135,2741
8378563200,4,25,2016-04-25,Monday,12405,9.84,9.84,2.09,5.05,0.87,3.92,0,117,16,141,692,274,4005
8378563200,4,26,2016-04-26,Tuesday,16208,12.85,12.85,0,7.51,0.92,4.42,0,90,18,161,593,269,3763
8378563200,4,27,2016-04-27,Wednesday,7359,5.84,5.84,0,0.33,0.18,5.33,0,4,4,192,676,200,3061
8378563200,4,28,2016-04-28,Thursday,5417,4.3,4.3,0,0.9,0.49,2.91,0,11,10,139,711,160,2884
8378563200,4,29,2016-04-29,Friday,6175,4.9,4.9,0,0.25,0.36,4.27,0,3,7,172,767,182,2982
8378563200,4,30,2016-04-30,Saturday,2946,2.34,2.34,0,0,0,2.34,0,0,0,121,780,121,2660
8378563200,5,1,2016-05-01,Sunday,11419,9.06,9.06,0,6.03,0.56,2.47,0,71,10,127,669,208,3369
8378563200,5,2,2016-05-02,Monday,6064,4.81,4.81,2.09,0.63,0.17,4.01,0,63,4,142,802,209,3491
8378563200,5,3,2016-05-03,Tuesday,8712,6.91,6.91,2.25,1.34,1.06,4.5,0,71,20,195,822,286,3784
8378563200,5,4,2016-05-04,Wednesday,7875,6.24,6.24,0,1.56,0.49,4.2,0,19,10,167,680,196,3110
8378563200,5,5,2016-05-05,Thursday,8567,6.79,6.79,2.25,0.89,0.16,5.74,0,66,3,214,764,283,3783
8378563200,5,6,2016-05-06,Friday,7045,5.59,5.59,2.09,1.55,0.25,3.78,0,74,5,166,831,245,3644
8378563200,5,7,2016-05-07,Saturday,4468,3.54,3.54,0,0,0,3.54,0,0,0,158,851,158,2799
8378563200,5,8,2016-05-08,Sunday,2943,2.33,2.33,0,0,0,2.33,0,0,0,139,621,139,2685
8378563200,5,9,2016-05-09,Monday,8382,6.65,6.65,2.09,1.27,0.66,4.72,0,71,13,171,772,255,3721
8378563200,5,10,2016-05-10,Tuesday,6582,5.22,5.22,2.25,0.66,0.64,3.92,0,63,13,152,840,228,3586
8378563200,5,11,2016-05-11,Wednesday,9143,7.25,7.25,2.09,1.39,0.59,5.27,0,72,10,184,763,266,3788
8378563200,5,12,2016-05-12,Thursday,4561,3.62,3.62,0,0.65,0.27,2.69,0,8,6,102,433,116,1976
8583815059,4,12,2016-04-12,Tuesday,5014,3.91,3.91,0,0,0.33,3.58,0,0,7,196,1237,203,2650
8583815059,4,13,2016-04-13,Wednesday,5571,4.35,4.35,0,0.15,0.97,3.23,0,2,23,163,1252,188,2654
8583815059,4,14,2016-04-14,Thursday,3135,2.45,2.45,0,0,0,2.43,0,0,0,134,1306,134,2443
8583815059,4,15,2016-04-15,Friday,3430,2.68,2.68,0,0,0,0.9,0,0,0,65,1375,65,2505
8583815059,4,16,2016-04-16,Saturday,5319,4.15,4.15,0,0,0,0,0,0,0,0,1440,0,2693
8583815059,4,17,2016-04-17,Sunday,3008,2.35,2.35,0,0,0,0,0,0,0,0,1440,0,2439
8583815059,4,18,2016-04-18,Monday,3864,3.01,3.01,0,0.31,1.06,1.35,0,4,22,105,1309,131,2536
8583815059,4,19,2016-04-19,Tuesday,5697,4.44,4.44,0,0.53,0.48,3.44,0,7,10,166,1257,183,2668
8583815059,4,20,2016-04-20,Wednesday,5273,4.11,4.11,0,0,1.04,3.07,0,0,27,167,1246,194,2647
8583815059,4,21,2016-04-21,Thursday,8538,6.66,6.66,0,2.63,1.02,3.01,0,35,18,158,1229,211,2883
8583815059,4,22,2016-04-22,Friday,8687,6.78,6.78,0,0.29,2.41,4.08,0,4,54,212,1170,270,2944
8583815059,4,23,2016-04-23,Saturday,9423,7.35,7.35,0,0.53,2.03,4.75,0,7,44,238,1151,289,3012
8583815059,4,24,2016-04-24,Sunday,8286,6.46,6.46,0,0.15,2.05,4.27,0,2,44,206,1188,252,2889
8583815059,4,25,2016-04-25,Monday,4503,3.51,3.51,0,1.47,0.24,1.81,0,18,6,122,1294,146,2547
8583815059,4,26,2016-04-26,Tuesday,10499,8.19,8.19,0,0.07,4.22,3.89,0,1,91,214,1134,306,3093
8583815059,4,27,2016-04-27,Wednesday,12474,9.73,9.73,0,6.6,0.27,2.87,0,77,5,129,1229,211,3142
8583815059,4,28,2016-04-28,Thursday,6174,4.82,4.82,0,0,1.2,3.61,0,0,28,203,1209,231,2757
8583815059,4,29,2016-04-29,Friday,15168,11.83,11.83,0,3.9,3,4.92,0,46,67,258,1069,371,3513
8583815059,4,30,2016-04-30,Saturday,10085,7.87,7.87,0,0.15,1.28,6.43,0,2,28,317,1093,347,3164
8583815059,5,1,2016-05-01,Sunday,4512,3.52,3.52,0,0.78,0.12,2.04,0,10,2,117,1311,129,2596
8583815059,5,2,2016-05-02,Monday,8469,6.61,6.61,0,0,0,0,0,0,0,0,1440,0,2894
8583815059,5,3,2016-05-03,Tuesday,12015,9.37,9.37,0,0,0,0,0,0,0,0,1440,0,3212
8583815059,5,4,2016-05-04,Wednesday,3588,2.8,2.8,0,0,0,0,0,0,0,0,1440,0,2516
8583815059,5,5,2016-05-05,Thursday,12427,9.69,9.69,0,0,0,1.18,0,0,0,70,1370,70,3266
8583815059,5,6,2016-05-06,Friday,5843,4.56,4.56,0,0.14,1.19,3.23,0,2,22,166,1250,190,2683
8583815059,5,7,2016-05-07,Saturday,6117,4.77,4.77,0,0,0,4.77,0,0,0,250,1190,250,2810
8583815059,5,8,2016-05-08,Sunday,9217,7.19,7.19,0,0.22,3.31,3.66,0,3,72,182,1183,257,2940
8583815059,5,9,2016-05-09,Monday,9877,7.7,7.7,0,5.76,0.17,1.73,0,66,4,110,1260,180,2947
8583815059,5,10,2016-05-10,Tuesday,8240,6.43,6.43,0,0.69,2.01,3.72,0,9,43,162,1226,214,2846
8583815059,5,11,2016-05-11,Wednesday,8701,6.79,6.79,0,0.37,3.24,3.17,0,5,71,177,1106,253,2804
8583815059,5,12,2016-05-12,Thursday,0,0,0,0,0,0,0,0,0,0,0,1440,0,0
8792009665,4,12,2016-04-12,Tuesday,2564,1.64,1.64,0,0,0,1.64,0,0,0,116,831,116,2044
8792009665,4,13,2016-04-13,Wednesday,1320,0.84,0.84,0,0,0,0.84,0,0,0,82,806,82,1934
8792009665,4,14,2016-04-14,Thursday,1219,0.78,0.78,0,0,0,0.78,0,0,0,84,853,84,1963
8792009665,4,15,2016-04-15,Friday,2483,1.59,1.59,0,0,0,1.59,0,0,0,126,937,126,2009
8792009665,4,16,2016-04-16,Saturday,244,0.16,0.16,0,0,0,0.16,0,0,0,12,1428,12,1721
8792009665,4,17,2016-04-17,Sunday,0,0,0,0,0,0,0,0,0,0,0,1440,0,1688
8792009665,4,18,2016-04-18,Monday,0,0,0,0,0,0,0,0,0,0,0,1440,0,1688
8792009665,4,19,2016-04-19,Tuesday,0,0,0,0,0,0,0,0,0,0,0,1440,0,1688
8792009665,4,20,2016-04-20,Wednesday,3147,2.01,2.01,0,0,0.28,1.74,0,0,10,139,744,149,2188
8792009665,4,21,2016-04-21,Thursday,144,0.09,0.09,0,0,0,0.09,0,0,0,9,1431,9,1720
8792009665,4,22,2016-04-22,Friday,4068,2.6,2.6,0,0.05,0.28,2.27,0,1,20,195,817,216,2419
8792009665,4,23,2016-04-23,Saturday,5245,3.36,3.36,0,0.16,0.44,2.75,0,8,45,232,795,285,2748
8792009665,4,24,2016-04-24,Sunday,400,0.26,0.26,0,0.04,0.05,0.16,0,3,8,19,1410,30,1799
8792009665,4,25,2016-04-25,Monday,0,0,0,0,0,0,0,0,0,0,0,1440,0,1688
8792009665,4,26,2016-04-26,Tuesday,1321,0.85,0.85,0,0,0,0.85,0,0,0,80,1360,80,1928
8792009665,4,27,2016-04-27,Wednesday,1758,1.13,1.13,0,0,0,1.13,0,0,0,112,900,112,2067
8792009665,4,28,2016-04-28,Thursday,6157,3.94,3.94,0,0,0,3.94,0,0,0,310,714,310,2780
8792009665,4,29,2016-04-29,Friday,8360,5.35,5.35,0,0.14,0.28,4.93,0,6,14,380,634,400,3101
8792009665,4,30,2016-04-30,Saturday,7174,4.59,4.59,0,0.33,0.36,3.91,0,10,20,301,749,331,2896
8792009665,5,1,2016-05-01,Sunday,1619,1.04,1.04,0,0,0,1.04,0,0,0,79,834,79,1962
8792009665,5,2,2016-05-02,Monday,1831,1.17,1.17,0,0,0,1.17,0,0,0,101,916,101,2015
8792009665,5,3,2016-05-03,Tuesday,2421,1.55,1.55,0,0,0,1.55,0,0,0,156,739,156,2297
8792009665,5,4,2016-05-04,Wednesday,2283,1.46,1.46,0,0,0,1.46,0,0,0,129,848,129,2067
8792009665,5,5,2016-05-05,Thursday,0,0,0,0,0,0,0,0,0,0,0,1440,0,1688
8792009665,5,6,2016-05-06,Friday,0,0,0,0,0,0,0,0,0,0,0,1440,0,1688
8792009665,5,7,2016-05-07,Saturday,0,0,0,0,0,0,0,0,0,0,0,1440,0,1688
8792009665,5,8,2016-05-08,Sunday,0,0,0,0,0,0,0,0,0,0,0,1440,0,1688
8792009665,5,9,2016-05-09,Monday,0,0,0,0,0,0,0,0,0,0,0,1440,0,1688
8792009665,5,10,2016-05-10,Tuesday,0,0,0,0,0,0,0,0,0,0,0,48,0,57
8877689391,4,12,2016-04-12,Tuesday,23186,20.4,20.4,0,12.22,0.34,7.82,0,85,7,312,1036,404,3921
8877689391,4,13,2016-04-13,Wednesday,15337,9.58,9.58,0,3.55,0.38,5.64,0,108,18,216,1098,342,3566
8877689391,4,14,2016-04-14,Thursday,21129,18.98,18.98,0,10.55,0.59,7.75,0.02,68,13,298,1061,379,3793
8877689391,4,15,2016-04-15,Friday,13422,7.17,7.17,0,0.05,0.05,7.01,0.01,106,1,281,1052,388,3934
8877689391,4,16,2016-04-16,Saturday,29326,25.29,25.29,0,13.24,1.21,10.71,0,94,29,429,888,552,4547
8877689391,4,17,2016-04-17,Sunday,15118,8.87,8.87,0,0,0.07,8.79,0,58,15,307,1060,380,3545
8877689391,4,18,2016-04-18,Monday,11423,8.67,8.67,0,2.44,0.27,5.94,0,29,5,191,1215,225,2761
8877689391,4,19,2016-04-19,Tuesday,18785,17.4,17.4,0,12.15,0.18,5.03,0,82,13,214,1131,309,3676
8877689391,4,20,2016-04-20,Wednesday,19948,18.11,18.11,0,11.02,0.69,6.34,0,73,19,225,1123,317,3679
8877689391,4,21,2016-04-21,Thursday,19377,17.62,17.62,0,12.29,0.42,4.89,0,82,13,226,1119,321,3659
8877689391,4,22,2016-04-22,Friday,18258,16.31,16.31,0,10.23,0.03,5.97,0.05,61,2,236,1141,299,3427
8877689391,4,23,2016-04-23,Saturday,11200,7.43,7.43,0,0,0,7.4,0.01,102,6,300,1032,408,3891
8877689391,4,24,2016-04-24,Sunday,16674,15.74,15.74,0,11.01,0.01,4.69,0,64,1,227,1148,292,3455
8877689391,4,25,2016-04-25,Monday,12986,8.74,8.74,0,2.37,0.07,6.27,0.01,113,8,218,1101,339,3802
8877689391,4,26,2016-04-26,Tuesday,11101,8.43,8.43,0,1.76,0.13,6.5,0,22,3,258,1157,283,2860
8877689391,4,27,2016-04-27,Wednesday,23629,20.65,20.65,0,13.07,0.44,7.1,0,93,8,235,1104,336,3808
8877689391,4,28,2016-04-28,Thursday,14890,11.3,11.3,0,4.93,0.38,5.97,0,58,8,231,1143,297,3060
8877689391,4,29,2016-04-29,Friday,9733,7.39,7.39,0,1.38,0.17,5.79,0,18,5,210,1207,233,2698
8877689391,4,30,2016-04-30,Saturday,27745,26.72,26.72,0,21.66,0.08,4.93,0,124,4,223,1089,351,4398
8877689391,5,1,2016-05-01,Sunday,10930,8.32,8.32,0,3.13,0.57,4.57,0,36,12,166,1226,214,2786
8877689391,5,2,2016-05-02,Monday,4790,3.64,3.64,0,0,0,3.56,0,0,0,105,1335,105,2189
8877689391,5,3,2016-05-03,Tuesday,10818,8.21,8.21,0,1.39,0.1,6.67,0.01,19,3,229,1189,251,2817
8877689391,5,4,2016-05-04,Wednesday,18193,16.3,16.3,0,10.42,0.31,5.53,0,66,8,212,1154,286,3477
8877689391,5,5,2016-05-05,Thursday,14055,10.67,10.67,0,5.46,0.82,4.37,0,67,15,188,1170,270,3052
8877689391,5,6,2016-05-06,Friday,21727,19.34,19.34,0,12.79,0.29,6.16,0,96,17,232,1095,345,4015
8877689391,5,7,2016-05-07,Saturday,12332,8.13,8.13,0,0.08,0.96,6.99,0,105,28,271,1036,404,4142
8877689391,5,8,2016-05-08,Sunday,10686,8.11,8.11,0,1.08,0.2,6.8,0,17,4,245,1174,266,2847
8877689391,5,9,2016-05-09,Monday,20226,18.25,18.25,0,11.1,0.8,6.24,0.05,73,19,217,1131,309,3710
8877689391,5,10,2016-05-10,Tuesday,10733,8.15,8.15,0,1.35,0.46,6.28,0,18,11,224,1187,253,2832
8877689391,5,11,2016-05-11,Wednesday,21420,19.56,19.56,0,13.22,0.41,5.89,0,88,12,213,1127,313,3832
8877689391,5,12,2016-05-12,Thursday,8064,6.12,6.12,0,1.82,0.04,4.25,0,23,1,137,770,161,1849
